Period,Commodity,Province,Country,State,Value ($),Quantity,Unit of measure
2021-06-01,"2709.00.10 - Petroleum & bituminous min oils, crude, relative density >= 0.9042 (< 25°A.P.I.)",Canada,United States,Texas,5.13E+08,1058523,Volume in cubic metres
2021-06-01,"2709.00.10 - Petroleum & bituminous min oils, crude, relative density >= 0.9042 (< 25°A.P.I.)",Canada,United States,Ohio,1.04E+08,253608,Volume in cubic metres
2021-06-01,"2709.00.10 - Petroleum & bituminous min oils, crude, relative density >= 0.9042 (< 25°A.P.I.)",Canada,United States,Wyoming,34886411,80619,Volume in cubic metres
2021-07-01,"2709.00.10 - Petroleum & bituminous min oils, crude, relative density >= 0.9042 (< 25°A.P.I.)",Canada,United States,Alabama,59723454,122107,Volume in cubic metres
2021-08-01,"2709.00.10 - Petroleum & bituminous min oils, crude, relative density >= 0.9042 (< 25°A.P.I.)",Canada,United States,Texas,9.46E+08,1754851,Volume in cubic metres
2021-11-01,"2709.00.10 - Petroleum & bituminous min oils, crude, relative density >= 0.9042 (< 25°A.P.I.)",Canada,United States,Ohio,1.34E+08,268523,Volume in cubic metres
2021-10-01,"2709.00.10 - Petroleum & bituminous min oils, crude, relative density >= 0.9042 (< 25°A.P.I.)",Canada,United States,Mississippi,11632451,27809,Volume in cubic metres
2021-10-01,"2709.00.10 - Petroleum & bituminous min oils, crude, relative density >= 0.9042 (< 25°A.P.I.)",Canada,United States,Missouri,5.01E+08,1027072,Volume in cubic metres
2021-11-01,"2709.00.10 - Petroleum & bituminous min oils, crude, relative density >= 0.9042 (< 25°A.P.I.)",Canada,United States,Illinois,3.79E+09,7030493,Volume in cubic metres
2021-11-01,"2709.00.10 - Petroleum & bituminous min oils, crude, relative density >= 0.9042 (< 25°A.P.I.)",Canada,United States,Colorado,3.15E+08,557751,Volume in cubic metres
2021-12-01,"2709.00.10 - Petroleum & bituminous min oils, crude, relative density >= 0.9042 (< 25°A.P.I.)",Canada,United States,Missouri,3.76E+08,738053,Volume in cubic metres
2021-12-01,"2709.00.10 - Petroleum & bituminous min oils, crude, relative density >= 0.9042 (< 25°A.P.I.)",Canada,United States,Oklahoma,8.49E+08,1636503,Volume in cubic metres
2022-02-01,"2709.00.10 - Petroleum & bituminous min oils, crude, relative density >= 0.9042 (< 25°A.P.I.)",Canada,United States,Missouri,4.59E+08,845575,Volume in cubic metres
2022-03-01,"2709.00.10 - Petroleum & bituminous min oils, crude, relative density >= 0.9042 (< 25°A.P.I.)",Canada,United States,Illinois,4.27E+09,6667219,Volume in cubic metres
2022-03-01,"2709.00.10 - Petroleum & bituminous min oils, crude, relative density >= 0.9042 (< 25°A.P.I.)",Canada,United States,Michigan,1.63E+08,321870,Volume in cubic metres
2022-03-01,"2709.00.10 - Petroleum & bituminous min oils, crude, relative density >= 0.9042 (< 25°A.P.I.)",Canada,United States,Mississippi,23347759,34546,Volume in cubic metres
2022-03-01,"2709.00.10 - Petroleum & bituminous min oils, crude, relative density >= 0.9042 (< 25°A.P.I.)",Canada,United States,Colorado,4.16E+08,598627,Volume in cubic metres
2022-03-01,"2709.00.10 - Petroleum & bituminous min oils, crude, relative density >= 0.9042 (< 25°A.P.I.)",Canada,United States,Wyoming,1.04E+08,158193,Volume in cubic metres
2022-04-01,"2709.00.10 - Petroleum & bituminous min oils, crude, relative density >= 0.9042 (< 25°A.P.I.)",Canada,United States,Ohio,90606865,138966,Volume in cubic metres
2022-04-01,"2709.00.10 - Petroleum & bituminous min oils, crude, relative density >= 0.9042 (< 25°A.P.I.)",Canada,United States,Minnesota,9.24E+08,1303924,Volume in cubic metres
2022-04-01,"2709.00.10 - Petroleum & bituminous min oils, crude, relative density >= 0.9042 (< 25°A.P.I.)",Canada,United States,Texas,1.23E+09,1515501,Volume in cubic metres
2022-05-01,"2709.00.10 - Petroleum & bituminous min oils, crude, relative density >= 0.9042 (< 25°A.P.I.)",Canada,United States,Delaware,85445041,108557,Volume in cubic metres
2022-06-01,"2709.00.10 - Petroleum & bituminous min oils, crude, relative density >= 0.9042 (< 25°A.P.I.)",Canada,United States,Delaware,85478073,99038,Volume in cubic metres
2022-05-01,"2709.00.10 - Petroleum & bituminous min oils, crude, relative density >= 0.9042 (< 25°A.P.I.)",Canada,United States,Minnesota,1.12E+09,1466326,Volume in cubic metres
2022-05-01,"2709.00.10 - Petroleum & bituminous min oils, crude, relative density >= 0.9042 (< 25°A.P.I.)",Canada,Spain,N/A,94593522,106470,Volume in cubic metres
2022-05-01,"2709.00.10 - Petroleum & bituminous min oils, crude, relative density >= 0.9042 (< 25°A.P.I.)",Canada,United States,Texas,1.65E+09,1971264,Volume in cubic metres
2022-06-01,"2709.00.10 - Petroleum & bituminous min oils, crude, relative density >= 0.9042 (< 25°A.P.I.)",Canada,United States,Oklahoma,9.63E+08,1142553,Volume in cubic metres
2022-06-01,"2709.00.10 - Petroleum & bituminous min oils, crude, relative density >= 0.9042 (< 25°A.P.I.)",Canada,United States,Texas,1.63E+09,1821484,Volume in cubic metres
2022-08-01,"2709.00.10 - Petroleum & bituminous min oils, crude, relative density >= 0.9042 (< 25°A.P.I.)",Canada,United States,South Dakota,482983,759,Volume in cubic metres
2022-07-01,"2709.00.10 - Petroleum & bituminous min oils, crude, relative density >= 0.9042 (< 25°A.P.I.)",Canada,United States,North Dakota,51030470,63790,Volume in cubic metres
2022-07-01,"2709.00.10 - Petroleum & bituminous min oils, crude, relative density >= 0.9042 (< 25°A.P.I.)",Canada,United States,Delaware,83517237,117106,Volume in cubic metres
2022-07-01,"2709.00.10 - Petroleum & bituminous min oils, crude, relative density >= 0.9042 (< 25°A.P.I.)",Canada,Spain,N/A,1.08E+08,106470,Volume in cubic metres
2022-10-01,"2709.00.10 - Petroleum & bituminous min oils, crude, relative density >= 0.9042 (< 25°A.P.I.)",Canada,United States,Montana,4.76E+08,771046,Volume in cubic metres
2022-08-01,"2709.00.10 - Petroleum & bituminous min oils, crude, relative density >= 0.9042 (< 25°A.P.I.)",Canada,United States,Missouri,5.29E+08,771224,Volume in cubic metres
2022-09-01,"2709.00.10 - Petroleum & bituminous min oils, crude, relative density >= 0.9042 (< 25°A.P.I.)",Canada,United States,Washington,1.97E+08,297391,Volume in cubic metres
2022-09-01,"2709.00.10 - Petroleum & bituminous min oils, crude, relative density >= 0.9042 (< 25°A.P.I.)",Canada,United States,Oklahoma,9.66E+08,1515956,Volume in cubic metres
2022-10-01,"2709.00.10 - Petroleum & bituminous min oils, crude, relative density >= 0.9042 (< 25°A.P.I.)",Canada,United States,California,75920290,105901,Volume in cubic metres
2022-10-01,"2709.00.10 - Petroleum & bituminous min oils, crude, relative density >= 0.9042 (< 25°A.P.I.)",Canada,United States,Delaware,83050497,136810,Volume in cubic metres
2022-10-01,"2709.00.10 - Petroleum & bituminous min oils, crude, relative density >= 0.9042 (< 25°A.P.I.)",Canada,United States,Minnesota,6.70E+08,1207401,Volume in cubic metres
2022-11-01,"2709.00.10 - Petroleum & bituminous min oils, crude, relative density >= 0.9042 (< 25°A.P.I.)",Canada,United States,Illinois,4.36E+09,7042526,Volume in cubic metres
2022-11-01,"2709.00.10 - Petroleum & bituminous min oils, crude, relative density >= 0.9042 (< 25°A.P.I.)",Canada,United States,Colorado,2.49E+08,431197,Volume in cubic metres
2022-12-01,"2709.00.10 - Petroleum & bituminous min oils, crude, relative density >= 0.9042 (< 25°A.P.I.)",Canada,United States,Delaware,48742465,98338,Volume in cubic metres
2022-12-01,"2709.00.10 - Petroleum & bituminous min oils, crude, relative density >= 0.9042 (< 25°A.P.I.)",Canada,United States,Missouri,2.06E+08,371943,Volume in cubic metres
2022-12-01,"2709.00.10 - Petroleum & bituminous min oils, crude, relative density >= 0.9042 (< 25°A.P.I.)",Canada,United States,Texas,7.64E+08,1329151,Volume in cubic metres
2022-12-01,"2709.00.10 - Petroleum & bituminous min oils, crude, relative density >= 0.9042 (< 25°A.P.I.)",Canada,United States,Minnesota,7.12E+08,1456329,Volume in cubic metres
2022-12-01,"2709.00.10 - Petroleum & bituminous min oils, crude, relative density >= 0.9042 (< 25°A.P.I.)",Canada,United States,Washington,36645449,76556,Volume in cubic metres
2023-01-01,"2709.00.10 - Petroleum & bituminous min oils, crude, relative density >= 0.9042 (< 25°A.P.I.)",Canada,United States,Illinois,4.77E+09,8894642,Volume in cubic metres
2023-01-01,"2709.00.10 - Petroleum & bituminous min oils, crude, relative density >= 0.9042 (< 25°A.P.I.)",Canada,United States,Montana,3.67E+08,769856,Volume in cubic metres
2023-02-01,"2709.00.10 - Petroleum & bituminous min oils, crude, relative density >= 0.9042 (< 25°A.P.I.)",Canada,United States,Minnesota,6.84E+08,1486000,Volume in cubic metres
2023-03-01,"2709.00.10 - Petroleum & bituminous min oils, crude, relative density >= 0.9042 (< 25°A.P.I.)",Canada,United States,Oklahoma,7.28E+08,1389090,Volume in cubic metres
2023-03-01,"2709.00.10 - Petroleum & bituminous min oils, crude, relative density >= 0.9042 (< 25°A.P.I.)",Canada,United States,Michigan,2.43E+08,571975,Volume in cubic metres
2023-04-01,"2709.00.10 - Petroleum & bituminous min oils, crude, relative density >= 0.9042 (< 25°A.P.I.)",Canada,United States,Texas,7.01E+08,1177622,Volume in cubic metres
2023-05-01,"2709.00.10 - Petroleum & bituminous min oils, crude, relative density >= 0.9042 (< 25°A.P.I.)",Canada,United States,Illinois,4.84E+09,9101857,Volume in cubic metres
2023-05-01,"2709.00.10 - Petroleum & bituminous min oils, crude, relative density >= 0.9042 (< 25°A.P.I.)",Canada,United Kingdom,N/A,63665758,102020,Volume in cubic metres
2023-06-01,"2709.00.10 - Petroleum & bituminous min oils, crude, relative density >= 0.9042 (< 25°A.P.I.)",Canada,United States,Mississippi,74796083,134047,Volume in cubic metres
2023-06-01,"2709.00.10 - Petroleum & bituminous min oils, crude, relative density >= 0.9042 (< 25°A.P.I.)",Canada,United States,Delaware,4834839,9157,Volume in cubic metres
2023-06-01,"2709.00.10 - Petroleum & bituminous min oils, crude, relative density >= 0.9042 (< 25°A.P.I.)",Canada,United States,Missouri,35540135,66245,Volume in cubic metres
2023-06-01,"2709.00.10 - Petroleum & bituminous min oils, crude, relative density >= 0.9042 (< 25°A.P.I.)",Canada,United States,Minnesota,7.59E+08,1506960,Volume in cubic metres
2023-07-01,"2709.00.10 - Petroleum & bituminous min oils, crude, relative density >= 0.9042 (< 25°A.P.I.)",Canada,United States,District of Columbia,48181885,99417,Volume in cubic metres
2023-07-01,"2709.00.10 - Petroleum & bituminous min oils, crude, relative density >= 0.9042 (< 25°A.P.I.)",Canada,Germany,N/A,63107241,106470,Volume in cubic metres
2023-07-01,"2709.00.10 - Petroleum & bituminous min oils, crude, relative density >= 0.9042 (< 25°A.P.I.)",Canada,United States,Pennsylvania,81339461,174843,Volume in cubic metres
2023-08-01,"2709.00.10 - Petroleum & bituminous min oils, crude, relative density >= 0.9042 (< 25°A.P.I.)",Canada,United States,Colorado,5.00E+08,811723,Volume in cubic metres
2023-08-01,"2709.00.10 - Petroleum & bituminous min oils, crude, relative density >= 0.9042 (< 25°A.P.I.)",Canada,United States,District of Columbia,4957480,10016,Volume in cubic metres
2023-08-01,"2709.00.10 - Petroleum & bituminous min oils, crude, relative density >= 0.9042 (< 25°A.P.I.)",Canada,United States,North Dakota,27894695,50547,Volume in cubic metres
2023-08-01,"2709.00.10 - Petroleum & bituminous min oils, crude, relative density >= 0.9042 (< 25°A.P.I.)",Canada,United States,Ohio,2.68E+08,387659,Volume in cubic metres
2023-08-01,"2709.00.10 - Petroleum & bituminous min oils, crude, relative density >= 0.9042 (< 25°A.P.I.)",Canada,United States,Pennsylvania,1.22E+08,238597,Volume in cubic metres
2023-08-01,"2709.00.10 - Petroleum & bituminous min oils, crude, relative density >= 0.9042 (< 25°A.P.I.)",Canada,United States,Minnesota,1.08E+09,1781539,Volume in cubic metres
2023-08-01,"2709.00.10 - Petroleum & bituminous min oils, crude, relative density >= 0.9042 (< 25°A.P.I.)",Canada,United States,Delaware,74510575,101550,Volume in cubic metres
2023-10-01,"2709.00.10 - Petroleum & bituminous min oils, crude, relative density >= 0.9042 (< 25°A.P.I.)",Canada,United States,North Dakota,22125287,34739,Volume in cubic metres
2023-10-01,"2709.00.10 - Petroleum & bituminous min oils, crude, relative density >= 0.9042 (< 25°A.P.I.)",Canada,United States,Minnesota,6.80E+08,1036704,Volume in cubic metres
2023-12-01,"2709.00.10 - Petroleum & bituminous min oils, crude, relative density >= 0.9042 (< 25°A.P.I.)",Canada,United States,Wyoming,8252502,20092,Volume in cubic metres
2023-12-01,"2709.00.10 - Petroleum & bituminous min oils, crude, relative density >= 0.9042 (< 25°A.P.I.)",Canada,Germany,N/A,1.33E+08,212945,Volume in cubic metres
2023-12-01,"2709.00.10 - Petroleum & bituminous min oils, crude, relative density >= 0.9042 (< 25°A.P.I.)",Canada,United States,Illinois,4.40E+09,7781109,Volume in cubic metres
2023-12-01,"2709.00.10 - Petroleum & bituminous min oils, crude, relative density >= 0.9042 (< 25°A.P.I.)",Canada,United States,Missouri,20045292,38941,Volume in cubic metres
2024-01-01,"2709.00.10 - Petroleum & bituminous min oils, crude, relative density >= 0.9042 (< 25°A.P.I.)",Canada,United States,Mississippi,59755820,110019,Volume in cubic metres
2024-02-01,"2709.00.10 - Petroleum & bituminous min oils, crude, relative density >= 0.9042 (< 25°A.P.I.)",Canada,United States,Illinois,3.61E+09,7027098,Volume in cubic metres
2024-02-01,"2709.00.10 - Petroleum & bituminous min oils, crude, relative density >= 0.9042 (< 25°A.P.I.)",Canada,United States,Mississippi,71028837,123610,Volume in cubic metres
2024-02-01,"2709.00.10 - Petroleum & bituminous min oils, crude, relative density >= 0.9042 (< 25°A.P.I.)",Canada,United States,New Mexico,4356256,9305,Volume in cubic metres
2024-03-01,"2709.00.10 - Petroleum & bituminous min oils, crude, relative density >= 0.9042 (< 25°A.P.I.)",Canada,United States,Colorado,3.42E+08,648503,Volume in cubic metres
2024-03-01,"2709.00.10 - Petroleum & bituminous min oils, crude, relative density >= 0.9042 (< 25°A.P.I.)",Canada,United States,Montana,2.78E+08,526798,Volume in cubic metres
2024-03-01,"2709.00.10 - Petroleum & bituminous min oils, crude, relative density >= 0.9042 (< 25°A.P.I.)",Canada,United States,Pennsylvania,94260236,187712,Volume in cubic metres
2024-03-01,"2709.00.10 - Petroleum & bituminous min oils, crude, relative density >= 0.9042 (< 25°A.P.I.)",Canada,United States,Michigan,2.02E+08,417043,Volume in cubic metres
2024-04-01,"2709.00.10 - Petroleum & bituminous min oils, crude, relative density >= 0.9042 (< 25°A.P.I.)",Canada,United States,Texas,9.78E+08,1407382,Volume in cubic metres
2024-04-01,"2709.00.10 - Petroleum & bituminous min oils, crude, relative density >= 0.9042 (< 25°A.P.I.)",Canada,United States,Oklahoma,9.22E+08,1482402,Volume in cubic metres
2024-05-01,"2709.00.10 - Petroleum & bituminous min oils, crude, relative density >= 0.9042 (< 25°A.P.I.)",Canada,United States,Washington,44471471,73875,Volume in cubic metres
2024-05-01,"2709.00.10 - Petroleum & bituminous min oils, crude, relative density >= 0.9042 (< 25°A.P.I.)",Canada,United States,Ohio,1.94E+08,281991,Volume in cubic metres
2024-05-01,"2709.00.10 - Petroleum & bituminous min oils, crude, relative density >= 0.9042 (< 25°A.P.I.)",Canada,United States,Pennsylvania,1.03E+08,179166,Volume in cubic metres
2024-05-01,"2709.00.10 - Petroleum & bituminous min oils, crude, relative density >= 0.9042 (< 25°A.P.I.)",Canada,United States,Illinois,5.20E+09,8527832,Volume in cubic metres
2024-06-01,"2709.00.10 - Petroleum & bituminous min oils, crude, relative density >= 0.9042 (< 25°A.P.I.)",Canada,United States,Missouri,34837607,63457,Volume in cubic metres
2024-07-01,"2709.00.10 - Petroleum & bituminous min oils, crude, relative density >= 0.9042 (< 25°A.P.I.)",Canada,United States,Colorado,3.27E+08,516728,Volume in cubic metres
2024-07-01,"2709.00.10 - Petroleum & bituminous min oils, crude, relative density >= 0.9042 (< 25°A.P.I.)",Canada,United States,Alabama,4647924,8883,Volume in cubic metres
2024-07-01,"2709.00.10 - Petroleum & bituminous min oils, crude, relative density >= 0.9042 (< 25°A.P.I.)",Canada,United States,Delaware,44648929,72684,Volume in cubic metres
2024-08-01,"2709.00.10 - Petroleum & bituminous min oils, crude, relative density >= 0.9042 (< 25°A.P.I.)",Canada,United States,Alabama,13870366,26626,Volume in cubic metres
2024-08-01,"2709.00.10 - Petroleum & bituminous min oils, crude, relative density >= 0.9042 (< 25°A.P.I.)",Canada,Hong Kong,N/A,1.08E+08,192852,Volume in cubic metres
2024-08-01,"2709.00.10 - Petroleum & bituminous min oils, crude, relative density >= 0.9042 (< 25°A.P.I.)",Canada,United States,Mississippi,31916927,52617,Volume in cubic metres
2024-09-01,"2709.00.10 - Petroleum & bituminous min oils, crude, relative density >= 0.9042 (< 25°A.P.I.)",Canada,China,N/A,1.42E+08,262328,Volume in cubic metres
2024-09-01,"2709.00.10 - Petroleum & bituminous min oils, crude, relative density >= 0.9042 (< 25°A.P.I.)",Canada,United States,Missouri,11664324,23493,Volume in cubic metres
2024-09-01,"2709.00.10 - Petroleum & bituminous min oils, crude, relative density >= 0.9042 (< 25°A.P.I.)",Canada,Germany,N/A,1.30E+08,213043,Volume in cubic metres
2024-09-01,"2709.00.10 - Petroleum & bituminous min oils, crude, relative density >= 0.9042 (< 25°A.P.I.)",Canada,United States,Louisiana,44225309,77446,Volume in cubic metres
2024-09-01,"2709.00.10 - Petroleum & bituminous min oils, crude, relative density >= 0.9042 (< 25°A.P.I.)",Canada,United States,Colorado,3.97E+08,683563,Volume in cubic metres
2024-10-01,"2709.00.10 - Petroleum & bituminous min oils, crude, relative density >= 0.9042 (< 25°A.P.I.)",Canada,United States,Alabama,9305674,17729,Volume in cubic metres
2024-10-01,"2709.00.10 - Petroleum & bituminous min oils, crude, relative density >= 0.9042 (< 25°A.P.I.)",Canada,United States,Montana,2.68E+08,497110,Volume in cubic metres
2024-10-01,"2709.00.10 - Petroleum & bituminous min oils, crude, relative density >= 0.9042 (< 25°A.P.I.)",Canada,United States,Pennsylvania,80502883,154286,Volume in cubic metres
2024-10-01,"2709.00.10 - Petroleum & bituminous min oils, crude, relative density >= 0.9042 (< 25°A.P.I.)",Canada,United States,Missouri,14513332,27242,Volume in cubic metres
2024-11-01,"2709.00.10 - Petroleum & bituminous min oils, crude, relative density >= 0.9042 (< 25°A.P.I.)",Canada,United States,Louisiana,57398651,94988,Volume in cubic metres
2024-11-01,"2709.00.10 - Petroleum & bituminous min oils, crude, relative density >= 0.9042 (< 25°A.P.I.)",Canada,United States,Montana,3.75E+08,687024,Volume in cubic metres
2024-11-01,"2709.00.10 - Petroleum & bituminous min oils, crude, relative density >= 0.9042 (< 25°A.P.I.)",Canada,United States,Minnesota,8.06E+08,1529302,Volume in cubic metres
2024-11-01,"2709.00.10 - Petroleum & bituminous min oils, crude, relative density >= 0.9042 (< 25°A.P.I.)",Canada,United States,Washington,1.06E+08,184391,Volume in cubic metres
2024-11-01,"2709.00.10 - Petroleum & bituminous min oils, crude, relative density >= 0.9042 (< 25°A.P.I.)",Canada,United States,Mississippi,28083268,46548,Volume in cubic metres
2024-12-01,"2709.00.10 - Petroleum & bituminous min oils, crude, relative density >= 0.9042 (< 25°A.P.I.)",Canada,United States,Michigan,1.76E+08,337596,Volume in cubic metres
2024-12-01,"2709.00.10 - Petroleum & bituminous min oils, crude, relative density >= 0.9042 (< 25°A.P.I.)",Canada,Netherlands,N/A,64620574,101517,Volume in cubic metres
2025-01-01,"2709.00.10 - Petroleum & bituminous min oils, crude, relative density >= 0.9042 (< 25°A.P.I.)",Canada,United States,Colorado,2.55E+08,437676,Volume in cubic metres
2025-01-01,"2709.00.10 - Petroleum & bituminous min oils, crude, relative density >= 0.9042 (< 25°A.P.I.)",Canada,United States,Alabama,14734999,26827,Volume in cubic metres
2025-02-01,"2709.00.10 - Petroleum & bituminous min oils, crude, relative density >= 0.9042 (< 25°A.P.I.)",Canada,China,N/A,4.59E+08,760024,Volume in cubic metres
2025-02-01,"2709.00.10 - Petroleum & bituminous min oils, crude, relative density >= 0.9042 (< 25°A.P.I.)",Canada,"Korea, South",N/A,53800362,87443,Volume in cubic metres
2025-03-01,"2709.00.10 - Petroleum & bituminous min oils, crude, relative density >= 0.9042 (< 25°A.P.I.)",Canada,United States,California,2.37E+08,396069,Volume in cubic metres
2025-01-01,"2709.00.10 - Petroleum & bituminous min oils, crude, relative density >= 0.9042 (< 25°A.P.I.)",Canada,United States,South Dakota,371999,626,Volume in cubic metres
2025-01-01,"2709.00.10 - Petroleum & bituminous min oils, crude, relative density >= 0.9042 (< 25°A.P.I.)",Canada,United States,Illinois,4.95E+09,8413251,Volume in cubic metres
2025-01-01,"2709.00.10 - Petroleum & bituminous min oils, crude, relative density >= 0.9042 (< 25°A.P.I.)",Canada,Singapore,N/A,1.00E+08,174886,Volume in cubic metres
2025-02-01,"2709.00.10 - Petroleum & bituminous min oils, crude, relative density >= 0.9042 (< 25°A.P.I.)",Canada,United States,North Dakota,30411159,53285,Volume in cubic metres
2025-03-01,"2709.00.10 - Petroleum & bituminous min oils, crude, relative density >= 0.9042 (< 25°A.P.I.)",Canada,United States,Illinois,4.22E+09,7208605,Volume in cubic metres
2025-06-01,"2709.00.10 - Petroleum & bituminous min oils, crude, relative density >= 0.9042 (< 25°A.P.I.)",Canada,United States,Oklahoma,5.78E+08,1107667,Volume in cubic metres
2025-06-01,"2709.00.10 - Petroleum & bituminous min oils, crude, relative density >= 0.9042 (< 25°A.P.I.)",Canada,United States,Montana,3.62E+08,753381,Volume in cubic metres
2025-06-01,"2709.00.10 - Petroleum & bituminous min oils, crude, relative density >= 0.9042 (< 25°A.P.I.)",Canada,China,N/A,3.46E+08,614000,Volume in cubic metres
2025-07-01,"2709.00.10 - Petroleum & bituminous min oils, crude, relative density >= 0.9042 (< 25°A.P.I.)",Canada,United States,Louisiana,1.32E+08,219735,Volume in cubic metres
2025-04-01,"2709.00.10 - Petroleum & bituminous min oils, crude, relative density >= 0.9042 (< 25°A.P.I.)",Canada,United States,Alabama,9677078,18078,Volume in cubic metres
2025-04-01,"2709.00.10 - Petroleum & bituminous min oils, crude, relative density >= 0.9042 (< 25°A.P.I.)",Canada,United States,Texas,5.39E+08,922676,Volume in cubic metres
2025-09-01,"2709.00.10 - Petroleum & bituminous min oils, crude, relative density >= 0.9042 (< 25°A.P.I.)",Canada,United States,Delaware,46248,90,Volume in cubic metres
2025-07-01,"2709.00.10 - Petroleum & bituminous min oils, crude, relative density >= 0.9042 (< 25°A.P.I.)",Canada,United States,Colorado,3.28E+08,623977,Volume in cubic metres
2025-08-01,"2709.00.10 - Petroleum & bituminous min oils, crude, relative density >= 0.9042 (< 25°A.P.I.)",Canada,China,N/A,5.04E+08,913412,Volume in cubic metres
2025-08-01,"2709.00.10 - Petroleum & bituminous min oils, crude, relative density >= 0.9042 (< 25°A.P.I.)",Canada,United States,Mississippi,16121340,28409,Volume in cubic metres
2025-08-01,"2709.00.10 - Petroleum & bituminous min oils, crude, relative density >= 0.9042 (< 25°A.P.I.)",Canada,United States,Colorado,3.52E+08,661153,Volume in cubic metres
2025-09-01,"2709.00.10 - Petroleum & bituminous min oils, crude, relative density >= 0.9042 (< 25°A.P.I.)",Canada,United States,Minnesota,6.56E+08,1291411,Volume in cubic metres
2025-09-01,"2709.00.10 - Petroleum & bituminous min oils, crude, relative density >= 0.9042 (< 25°A.P.I.)",Canada,United States,Pennsylvania,1.24E+08,255262,Volume in cubic metres
2025-10-01,"2709.00.10 - Petroleum & bituminous min oils, crude, relative density >= 0.9042 (< 25°A.P.I.)",Canada,United States,Oklahoma,7.60E+08,1470508,Volume in cubic metres
2025-12-01,"2709.00.10 - Petroleum & bituminous min oils, crude, relative density >= 0.9042 (< 25°A.P.I.)",Canada,Germany,N/A,60954020,116421,Volume in cubic metres
2025-12-01,"2709.00.10 - Petroleum & bituminous min oils, crude, relative density >= 0.9042 (< 25°A.P.I.)",Canada,Singapore,N/A,45546600,95392,Volume in cubic metres
2025-12-01,"2709.00.10 - Petroleum & bituminous min oils, crude, relative density >= 0.9042 (< 25°A.P.I.)",Canada,China,N/A,6.22E+08,1252652,Volume in cubic metres
2025-10-01,"2709.00.10 - Petroleum & bituminous min oils, crude, relative density >= 0.9042 (< 25°A.P.I.)",Canada,United States,Ohio,66065613,119592,Volume in cubic metres
2025-10-01,"2709.00.10 - Petroleum & bituminous min oils, crude, relative density >= 0.9042 (< 25°A.P.I.)",Canada,Netherlands,N/A,1.26E+08,226568,Volume in cubic metres
2025-11-01,"2709.00.10 - Petroleum & bituminous min oils, crude, relative density >= 0.9042 (< 25°A.P.I.)",Canada,United States,Wyoming,290820,671,Volume in cubic metres
2025-11-01,"2709.00.10 - Petroleum & bituminous min oils, crude, relative density >= 0.9042 (< 25°A.P.I.)",Canada,United States,Pennsylvania,79524926,180461,Volume in cubic metres
2025-11-01,"2709.00.10 - Petroleum & bituminous min oils, crude, relative density >= 0.9042 (< 25°A.P.I.)",Canada,United States,Ohio,1.95E+08,345388,Volume in cubic metres
2025-11-01,"2709.00.10 - Petroleum & bituminous min oils, crude, relative density >= 0.9042 (< 25°A.P.I.)",Canada,United States,Alabama,9966765,18587,Volume in cubic metres
2025-12-01,"2709.00.10 - Petroleum & bituminous min oils, crude, relative density >= 0.9042 (< 25°A.P.I.)",Canada,United States,Alabama,4583429,8698,Volume in cubic metres
2026-01-01,"2709.00.10 - Petroleum & bituminous min oils, crude, relative density >= 0.9042 (< 25°A.P.I.)",Canada,United States,Minnesota,6.63E+08,1597385,Volume in cubic metres
2026-02-01,"2709.00.10 - Petroleum & bituminous min oils, crude, relative density >= 0.9042 (< 25°A.P.I.)",Canada,United States,Montana,3.31E+08,770167,Volume in cubic metres
2026-02-01,"2709.00.10 - Petroleum & bituminous min oils, crude, relative density >= 0.9042 (< 25°A.P.I.)",Canada,United States,Ohio,2.19E+08,420636,Volume in cubic metres
2026-02-01,"2709.00.10 - Petroleum & bituminous min oils, crude, relative density >= 0.9042 (< 25°A.P.I.)",Canada,United States,Colorado,3.85E+08,855981,Volume in cubic metres
2026-04-01,"2709.00.10 - Petroleum & bituminous min oils, crude, relative density >= 0.9042 (< 25°A.P.I.)",Canada,China,N/A,1.03E+09,1210139,Volume in cubic metres
2026-06-01,"2709.00.10 - Petroleum & bituminous min oils, crude, relative density >= 0.9042 (< 25°A.P.I.)",Canada,United States,Louisiana,82023575,111809,Volume in cubic metres
2026-03-01,"2709.00.10 - Petroleum & bituminous min oils, crude, relative density >= 0.9042 (< 25°A.P.I.)",Canada,United States,Wyoming,776184,1193,Volume in cubic metres
2026-04-01,"2709.00.10 - Petroleum & bituminous min oils, crude, relative density >= 0.9042 (< 25°A.P.I.)",Canada,"Korea, South",N/A,2.81E+08,349697,Volume in cubic metres
2026-04-01,"2709.00.10 - Petroleum & bituminous min oils, crude, relative density >= 0.9042 (< 25°A.P.I.)",Canada,Netherlands,N/A,1.36E+08,116855,Volume in cubic metres
2026-04-01,"2709.00.10 - Petroleum & bituminous min oils, crude, relative density >= 0.9042 (< 25°A.P.I.)",Canada,United States,Oklahoma,1.40E+09,1944993,Volume in cubic metres
2026-05-01,"2709.00.10 - Petroleum & bituminous min oils, crude, relative density >= 0.9042 (< 25°A.P.I.)",Canada,United States,Texas,8.00E+08,970390,Volume in cubic metres
2026-05-01,"2709.00.10 - Petroleum & bituminous min oils, crude, relative density >= 0.9042 (< 25°A.P.I.)",Canada,United States,Pennsylvania,1.26E+08,180595,Volume in cubic metres
2021-06-01,"2709.00.10 - Petroleum & bituminous min oils, crude, relative density >= 0.9042 (< 25°A.P.I.)",Canada,United States,Oklahoma,8.45E+08,1783876,Volume in cubic metres
2021-06-01,"2709.00.10 - Petroleum & bituminous min oils, crude, relative density >= 0.9042 (< 25°A.P.I.)",Canada,United States,Mississippi,13145622,35366,Volume in cubic metres
2021-06-01,"2709.00.10 - Petroleum & bituminous min oils, crude, relative density >= 0.9042 (< 25°A.P.I.)",Canada,United States,Delaware,66693074,135994,Volume in cubic metres
2021-06-01,"2709.00.10 - Petroleum & bituminous min oils, crude, relative density >= 0.9042 (< 25°A.P.I.)",Canada,United States,Colorado,3.09E+08,680883,Volume in cubic metres
2021-07-01,"2709.00.10 - Petroleum & bituminous min oils, crude, relative density >= 0.9042 (< 25°A.P.I.)",Canada,United States,Michigan,1.78E+08,404501,Volume in cubic metres
2021-08-01,"2709.00.10 - Petroleum & bituminous min oils, crude, relative density >= 0.9042 (< 25°A.P.I.)",Canada,China,N/A,46531382,88751,Volume in cubic metres
2021-08-01,"2709.00.10 - Petroleum & bituminous min oils, crude, relative density >= 0.9042 (< 25°A.P.I.)",Canada,United States,Illinois,2.91E+09,5834926,Volume in cubic metres
2021-08-01,"2709.00.10 - Petroleum & bituminous min oils, crude, relative density >= 0.9042 (< 25°A.P.I.)",Canada,United States,Oklahoma,9.03E+08,1815634,Volume in cubic metres
2021-08-01,"2709.00.10 - Petroleum & bituminous min oils, crude, relative density >= 0.9042 (< 25°A.P.I.)",Canada,United States,Ohio,1.61E+08,317886,Volume in cubic metres
2021-08-01,"2709.00.10 - Petroleum & bituminous min oils, crude, relative density >= 0.9042 (< 25°A.P.I.)",Canada,United States,Pennsylvania,1.17E+08,250228,Volume in cubic metres
2021-08-01,"2709.00.10 - Petroleum & bituminous min oils, crude, relative density >= 0.9042 (< 25°A.P.I.)",Canada,United States,Minnesota,5.11E+08,1016799,Volume in cubic metres
2021-09-01,"2709.00.10 - Petroleum & bituminous min oils, crude, relative density >= 0.9042 (< 25°A.P.I.)",Canada,United States,Delaware,63959869,125034,Volume in cubic metres
2021-09-01,"2709.00.10 - Petroleum & bituminous min oils, crude, relative density >= 0.9042 (< 25°A.P.I.)",Canada,United States,North Dakota,10962324,22445,Volume in cubic metres
2021-09-01,"2709.00.10 - Petroleum & bituminous min oils, crude, relative density >= 0.9042 (< 25°A.P.I.)",Canada,United States,Minnesota,7.24E+08,1520737,Volume in cubic metres
2021-10-01,"2709.00.10 - Petroleum & bituminous min oils, crude, relative density >= 0.9042 (< 25°A.P.I.)",Canada,Spain,N/A,64655685,101702,Volume in cubic metres
2021-11-01,"2709.00.10 - Petroleum & bituminous min oils, crude, relative density >= 0.9042 (< 25°A.P.I.)",Canada,United States,Alabama,52462849,93110,Volume in cubic metres
2021-11-01,"2709.00.10 - Petroleum & bituminous min oils, crude, relative density >= 0.9042 (< 25°A.P.I.)",Canada,United States,Washington,73653011,120465,Volume in cubic metres
2021-11-01,"2709.00.10 - Petroleum & bituminous min oils, crude, relative density >= 0.9042 (< 25°A.P.I.)",Canada,United States,Michigan,1.53E+08,342627,Volume in cubic metres
2021-11-01,"2709.00.10 - Petroleum & bituminous min oils, crude, relative density >= 0.9042 (< 25°A.P.I.)",Canada,United States,Texas,9.30E+08,1500609,Volume in cubic metres
2021-12-01,"2709.00.10 - Petroleum & bituminous min oils, crude, relative density >= 0.9042 (< 25°A.P.I.)",Canada,United States,New York,28543640,64719,Volume in cubic metres
2021-12-01,"2709.00.10 - Petroleum & bituminous min oils, crude, relative density >= 0.9042 (< 25°A.P.I.)",Canada,United States,Pennsylvania,1.01E+08,188147,Volume in cubic metres
2022-02-01,"2709.00.10 - Petroleum & bituminous min oils, crude, relative density >= 0.9042 (< 25°A.P.I.)",Canada,United States,North Dakota,3894794,6276,Volume in cubic metres
2022-02-01,"2709.00.10 - Petroleum & bituminous min oils, crude, relative density >= 0.9042 (< 25°A.P.I.)",Canada,United States,Oklahoma,7.96E+08,1269030,Volume in cubic metres
2022-01-01,"2709.00.10 - Petroleum & bituminous min oils, crude, relative density >= 0.9042 (< 25°A.P.I.)",Canada,United States,Mississippi,11052686,25929,Volume in cubic metres
2022-01-01,"2709.00.10 - Petroleum & bituminous min oils, crude, relative density >= 0.9042 (< 25°A.P.I.)",Canada,United States,Texas,1.03E+09,1847012,Volume in cubic metres
2022-01-01,"2709.00.10 - Petroleum & bituminous min oils, crude, relative density >= 0.9042 (< 25°A.P.I.)",Canada,United States,Montana,2.59E+08,517331,Volume in cubic metres
2022-02-01,"2709.00.10 - Petroleum & bituminous min oils, crude, relative density >= 0.9042 (< 25°A.P.I.)",Canada,United States,California,1.31E+08,189293,Volume in cubic metres
2022-02-01,"2709.00.10 - Petroleum & bituminous min oils, crude, relative density >= 0.9042 (< 25°A.P.I.)",Canada,United States,Pennsylvania,91643186,194390,Volume in cubic metres
2022-03-01,"2709.00.10 - Petroleum & bituminous min oils, crude, relative density >= 0.9042 (< 25°A.P.I.)",Canada,United States,Minnesota,1.31E+09,1866342,Volume in cubic metres
2022-03-01,"2709.00.10 - Petroleum & bituminous min oils, crude, relative density >= 0.9042 (< 25°A.P.I.)",Canada,United States,Delaware,1.00E+08,127496,Volume in cubic metres
2022-03-01,"2709.00.10 - Petroleum & bituminous min oils, crude, relative density >= 0.9042 (< 25°A.P.I.)",Canada,United States,North Dakota,4843142,12436,Volume in cubic metres
2022-03-01,"2709.00.10 - Petroleum & bituminous min oils, crude, relative density >= 0.9042 (< 25°A.P.I.)",Canada,United States,Montana,3.79E+08,586232,Volume in cubic metres
2022-04-01,"2709.00.10 - Petroleum & bituminous min oils, crude, relative density >= 0.9042 (< 25°A.P.I.)",Canada,United States,Pennsylvania,20652187,30906,Volume in cubic metres
2022-04-01,"2709.00.10 - Petroleum & bituminous min oils, crude, relative density >= 0.9042 (< 25°A.P.I.)",Canada,United States,Colorado,4.70E+08,624300,Volume in cubic metres
2022-05-01,"2709.00.10 - Petroleum & bituminous min oils, crude, relative density >= 0.9042 (< 25°A.P.I.)",Canada,United States,Oklahoma,1.07E+09,1364348,Volume in cubic metres
2022-05-01,"2709.00.10 - Petroleum & bituminous min oils, crude, relative density >= 0.9042 (< 25°A.P.I.)",Canada,United States,Louisiana,83387949,89160,Volume in cubic metres
2022-07-01,"2709.00.10 - Petroleum & bituminous min oils, crude, relative density >= 0.9042 (< 25°A.P.I.)",Canada,"Korea, South",N/A,1.37E+08,152077,Volume in cubic metres
2022-07-01,"2709.00.10 - Petroleum & bituminous min oils, crude, relative density >= 0.9042 (< 25°A.P.I.)",Canada,United States,New Jersey,7830,6,Volume in cubic metres
2022-07-01,"2709.00.10 - Petroleum & bituminous min oils, crude, relative density >= 0.9042 (< 25°A.P.I.)",Canada,United States,Minnesota,1.03E+09,1322188,Volume in cubic metres
2022-07-01,"2709.00.10 - Petroleum & bituminous min oils, crude, relative density >= 0.9042 (< 25°A.P.I.)",Canada,United States,New York,55039882,71261,Volume in cubic metres
2022-07-01,"2709.00.10 - Petroleum & bituminous min oils, crude, relative density >= 0.9042 (< 25°A.P.I.)",Canada,United States,Texas,1.35E+09,1617906,Volume in cubic metres
2022-08-01,"2709.00.10 - Petroleum & bituminous min oils, crude, relative density >= 0.9042 (< 25°A.P.I.)",Canada,United States,Montana,4.79E+08,683881,Volume in cubic metres
2022-08-01,"2709.00.10 - Petroleum & bituminous min oils, crude, relative density >= 0.9042 (< 25°A.P.I.)",Canada,United States,Colorado,4.50E+08,661191,Volume in cubic metres
2022-09-01,"2709.00.10 - Petroleum & bituminous min oils, crude, relative density >= 0.9042 (< 25°A.P.I.)",Canada,United States,Ohio,1.78E+08,223965,Volume in cubic metres
2022-09-01,"2709.00.10 - Petroleum & bituminous min oils, crude, relative density >= 0.9042 (< 25°A.P.I.)",Canada,United States,Mississippi,23441121,35145,Volume in cubic metres
2022-10-01,"2709.00.10 - Petroleum & bituminous min oils, crude, relative density >= 0.9042 (< 25°A.P.I.)",Canada,United States,Wyoming,17276522,30538,Volume in cubic metres
2023-01-01,"2709.00.10 - Petroleum & bituminous min oils, crude, relative density >= 0.9042 (< 25°A.P.I.)",Canada,United States,Missouri,1.55E+08,298047,Volume in cubic metres
2022-11-01,"2709.00.10 - Petroleum & bituminous min oils, crude, relative density >= 0.9042 (< 25°A.P.I.)",Canada,United States,Minnesota,8.80E+08,1623629,Volume in cubic metres
2022-11-01,"2709.00.10 - Petroleum & bituminous min oils, crude, relative density >= 0.9042 (< 25°A.P.I.)",Canada,United States,Missouri,56108553,96966,Volume in cubic metres
2022-12-01,"2709.00.10 - Petroleum & bituminous min oils, crude, relative density >= 0.9042 (< 25°A.P.I.)",Canada,Spain,N/A,70621993,106470,Volume in cubic metres
2022-12-01,"2709.00.10 - Petroleum & bituminous min oils, crude, relative density >= 0.9042 (< 25°A.P.I.)",Canada,United States,Montana,4.39E+08,819955,Volume in cubic metres
2022-12-01,"2709.00.10 - Petroleum & bituminous min oils, crude, relative density >= 0.9042 (< 25°A.P.I.)",Canada,United States,Oklahoma,2.13E+08,369598,Volume in cubic metres
2023-01-01,"2709.00.10 - Petroleum & bituminous min oils, crude, relative density >= 0.9042 (< 25°A.P.I.)",Canada,United States,New York,29347954,69895,Volume in cubic metres
2023-02-01,"2709.00.10 - Petroleum & bituminous min oils, crude, relative density >= 0.9042 (< 25°A.P.I.)",Canada,Germany,N/A,5587,8,Volume in cubic metres
2023-02-01,"2709.00.10 - Petroleum & bituminous min oils, crude, relative density >= 0.9042 (< 25°A.P.I.)",Canada,United States,Michigan,1.91E+08,425246,Volume in cubic metres
2023-02-01,"2709.00.10 - Petroleum & bituminous min oils, crude, relative density >= 0.9042 (< 25°A.P.I.)",Canada,United States,Mississippi,79770593,135914,Volume in cubic metres
2023-02-01,"2709.00.10 - Petroleum & bituminous min oils, crude, relative density >= 0.9042 (< 25°A.P.I.)",Canada,United States,Washington,60345261,130586,Volume in cubic metres
2023-02-01,"2709.00.10 - Petroleum & bituminous min oils, crude, relative density >= 0.9042 (< 25°A.P.I.)",Canada,United States,South Dakota,55829,122,Volume in cubic metres
2023-03-01,"2709.00.10 - Petroleum & bituminous min oils, crude, relative density >= 0.9042 (< 25°A.P.I.)",Canada,United States,Montana,4.49E+08,878726,Volume in cubic metres
2023-04-01,"2709.00.10 - Petroleum & bituminous min oils, crude, relative density >= 0.9042 (< 25°A.P.I.)",Canada,United States,Illinois,3.80E+09,7188821,Volume in cubic metres
2023-04-01,"2709.00.10 - Petroleum & bituminous min oils, crude, relative density >= 0.9042 (< 25°A.P.I.)",Canada,United States,Oklahoma,6.95E+08,1271231,Volume in cubic metres
2023-04-01,"2709.00.10 - Petroleum & bituminous min oils, crude, relative density >= 0.9042 (< 25°A.P.I.)",Canada,United States,Mississippi,75710183,127227,Volume in cubic metres
2023-07-01,"2709.00.10 - Petroleum & bituminous min oils, crude, relative density >= 0.9042 (< 25°A.P.I.)",Canada,United States,Washington,43547397,82056,Volume in cubic metres
2023-05-01,"2709.00.10 - Petroleum & bituminous min oils, crude, relative density >= 0.9042 (< 25°A.P.I.)",Canada,United States,Washington,90789240,167477,Volume in cubic metres
2023-06-01,"2709.00.10 - Petroleum & bituminous min oils, crude, relative density >= 0.9042 (< 25°A.P.I.)",Canada,United States,Illinois,3.85E+09,7477523,Volume in cubic metres
2023-06-01,"2709.00.10 - Petroleum & bituminous min oils, crude, relative density >= 0.9042 (< 25°A.P.I.)",Canada,United States,North Dakota,23776410,51234,Volume in cubic metres
2023-06-01,"2709.00.10 - Petroleum & bituminous min oils, crude, relative density >= 0.9042 (< 25°A.P.I.)",Canada,United States,Michigan,1.92E+08,388774,Volume in cubic metres
2023-07-01,"2709.00.10 - Petroleum & bituminous min oils, crude, relative density >= 0.9042 (< 25°A.P.I.)",Canada,United States,Ohio,2.06E+08,347907,Volume in cubic metres
2023-07-01,"2709.00.10 - Petroleum & bituminous min oils, crude, relative density >= 0.9042 (< 25°A.P.I.)",Canada,United States,Mississippi,64928566,115950,Volume in cubic metres
2023-07-01,"2709.00.10 - Petroleum & bituminous min oils, crude, relative density >= 0.9042 (< 25°A.P.I.)",Canada,United States,Oklahoma,6.99E+08,1329601,Volume in cubic metres
2023-08-01,"2709.00.10 - Petroleum & bituminous min oils, crude, relative density >= 0.9042 (< 25°A.P.I.)",Canada,United States,Washington,66155273,103486,Volume in cubic metres
2023-08-01,"2709.00.10 - Petroleum & bituminous min oils, crude, relative density >= 0.9042 (< 25°A.P.I.)",Canada,United States,Michigan,1.72E+08,350220,Volume in cubic metres
2023-08-01,"2709.00.10 - Petroleum & bituminous min oils, crude, relative density >= 0.9042 (< 25°A.P.I.)",Canada,United States,California,55765373,87257,Volume in cubic metres
2023-08-01,"2709.00.10 - Petroleum & bituminous min oils, crude, relative density >= 0.9042 (< 25°A.P.I.)",Canada,United States,Kansas,25965881,49924,Volume in cubic metres
2023-09-01,"2709.00.10 - Petroleum & bituminous min oils, crude, relative density >= 0.9042 (< 25°A.P.I.)",Canada,United States,Wyoming,4449147,7953,Volume in cubic metres
2023-09-01,"2709.00.10 - Petroleum & bituminous min oils, crude, relative density >= 0.9042 (< 25°A.P.I.)",Canada,United States,Washington,81959844,121201,Volume in cubic metres
2023-10-01,"2709.00.10 - Petroleum & bituminous min oils, crude, relative density >= 0.9042 (< 25°A.P.I.)",Canada,United States,South Dakota,80305,135,Volume in cubic metres
2023-10-01,"2709.00.10 - Petroleum & bituminous min oils, crude, relative density >= 0.9042 (< 25°A.P.I.)",Canada,United States,Mississippi,82969084,118422,Volume in cubic metres
2023-10-01,"2709.00.10 - Petroleum & bituminous min oils, crude, relative density >= 0.9042 (< 25°A.P.I.)",Canada,Netherlands,N/A,81914572,102020,Volume in cubic metres
2023-11-01,"2709.00.10 - Petroleum & bituminous min oils, crude, relative density >= 0.9042 (< 25°A.P.I.)",Canada,United States,Pennsylvania,1.18E+08,194460,Volume in cubic metres
2023-11-01,"2709.00.10 - Petroleum & bituminous min oils, crude, relative density >= 0.9042 (< 25°A.P.I.)",Canada,United States,Colorado,3.79E+08,626530,Volume in cubic metres
2023-11-01,"2709.00.10 - Petroleum & bituminous min oils, crude, relative density >= 0.9042 (< 25°A.P.I.)",Canada,United States,Oklahoma,9.71E+08,1588781,Volume in cubic metres
2023-11-01,"2709.00.10 - Petroleum & bituminous min oils, crude, relative density >= 0.9042 (< 25°A.P.I.)",Canada,United States,District of Columbia,5813848,10028,Volume in cubic metres
2023-12-01,"2709.00.10 - Petroleum & bituminous min oils, crude, relative density >= 0.9042 (< 25°A.P.I.)",Canada,United States,California,57454204,87938,Volume in cubic metres
2024-02-01,"2709.00.10 - Petroleum & bituminous min oils, crude, relative density >= 0.9042 (< 25°A.P.I.)",Canada,United States,Oklahoma,6.52E+08,1246582,Volume in cubic metres
2024-03-01,"2709.00.10 - Petroleum & bituminous min oils, crude, relative density >= 0.9042 (< 25°A.P.I.)",Canada,United States,Oklahoma,8.72E+08,1555907,Volume in cubic metres
2024-03-01,"2709.00.10 - Petroleum & bituminous min oils, crude, relative density >= 0.9042 (< 25°A.P.I.)",Canada,United States,Alabama,1928405,3629,Volume in cubic metres
2024-03-01,"2709.00.10 - Petroleum & bituminous min oils, crude, relative density >= 0.9042 (< 25°A.P.I.)",Canada,United States,Illinois,3.99E+09,7463162,Volume in cubic metres
2024-03-01,"2709.00.10 - Petroleum & bituminous min oils, crude, relative density >= 0.9042 (< 25°A.P.I.)",Canada,United States,District of Columbia,36708271,72006,Volume in cubic metres
2024-03-01,"2709.00.10 - Petroleum & bituminous min oils, crude, relative density >= 0.9042 (< 25°A.P.I.)",Canada,Germany,N/A,73911567,106470,Volume in cubic metres
2024-04-01,"2709.00.10 - Petroleum & bituminous min oils, crude, relative density >= 0.9042 (< 25°A.P.I.)",Canada,United States,Michigan,2.36E+08,455297,Volume in cubic metres
2024-04-01,"2709.00.10 - Petroleum & bituminous min oils, crude, relative density >= 0.9042 (< 25°A.P.I.)",Canada,United States,Alabama,5632510,10743,Volume in cubic metres
2024-05-01,"2709.00.10 - Petroleum & bituminous min oils, crude, relative density >= 0.9042 (< 25°A.P.I.)",Canada,United States,Oklahoma,9.72E+08,1492324,Volume in cubic metres
2024-05-01,"2709.00.10 - Petroleum & bituminous min oils, crude, relative density >= 0.9042 (< 25°A.P.I.)",Canada,United States,Montana,4.03E+08,656537,Volume in cubic metres
2024-05-01,"2709.00.10 - Petroleum & bituminous min oils, crude, relative density >= 0.9042 (< 25°A.P.I.)",Canada,China,N/A,58799496,88327,Volume in cubic metres
2024-05-01,"2709.00.10 - Petroleum & bituminous min oils, crude, relative density >= 0.9042 (< 25°A.P.I.)",Canada,United States,Michigan,3.09E+08,546380,Volume in cubic metres
2024-06-01,"2709.00.10 - Petroleum & bituminous min oils, crude, relative density >= 0.9042 (< 25°A.P.I.)",Canada,United States,California,1.52E+08,232447,Volume in cubic metres
2024-06-01,"2709.00.10 - Petroleum & bituminous min oils, crude, relative density >= 0.9042 (< 25°A.P.I.)",Canada,India,N/A,1.59E+08,262500,Volume in cubic metres
2024-07-01,"2709.00.10 - Petroleum & bituminous min oils, crude, relative density >= 0.9042 (< 25°A.P.I.)",Canada,United States,Pennsylvania,1.39E+08,243631,Volume in cubic metres
2024-06-01,"2709.00.10 - Petroleum & bituminous min oils, crude, relative density >= 0.9042 (< 25°A.P.I.)",Canada,Hong Kong,N/A,1.14E+08,186905,Volume in cubic metres
2024-07-01,"2709.00.10 - Petroleum & bituminous min oils, crude, relative density >= 0.9042 (< 25°A.P.I.)",Canada,United States,Minnesota,1.18E+09,1848054,Volume in cubic metres
2024-07-01,"2709.00.10 - Petroleum & bituminous min oils, crude, relative density >= 0.9042 (< 25°A.P.I.)",Canada,United States,Louisiana,1.67E+08,227053,Volume in cubic metres
2024-08-01,"2709.00.10 - Petroleum & bituminous min oils, crude, relative density >= 0.9042 (< 25°A.P.I.)",Canada,United States,South Dakota,482194,816,Volume in cubic metres
2024-11-01,"2709.00.10 - Petroleum & bituminous min oils, crude, relative density >= 0.9042 (< 25°A.P.I.)",Canada,United States,North Dakota,37444064,72594,Volume in cubic metres
2024-11-01,"2709.00.10 - Petroleum & bituminous min oils, crude, relative density >= 0.9042 (< 25°A.P.I.)",Canada,United States,Colorado,2.70E+08,493487,Volume in cubic metres
2024-08-01,"2709.00.10 - Petroleum & bituminous min oils, crude, relative density >= 0.9042 (< 25°A.P.I.)",Canada,United States,Oklahoma,8.21E+08,1324304,Volume in cubic metres
2024-09-01,"2709.00.10 - Petroleum & bituminous min oils, crude, relative density >= 0.9042 (< 25°A.P.I.)",Canada,United States,District of Columbia,10113101,20296,Volume in cubic metres
2024-10-01,"2709.00.10 - Petroleum & bituminous min oils, crude, relative density >= 0.9042 (< 25°A.P.I.)",Canada,Singapore,N/A,1.12E+08,179886,Volume in cubic metres
2024-10-01,"2709.00.10 - Petroleum & bituminous min oils, crude, relative density >= 0.9042 (< 25°A.P.I.)",Canada,United States,South Dakota,192237,335,Volume in cubic metres
2024-10-01,"2709.00.10 - Petroleum & bituminous min oils, crude, relative density >= 0.9042 (< 25°A.P.I.)",Canada,United States,Washington,1.45E+08,228741,Volume in cubic metres
2024-11-01,"2709.00.10 - Petroleum & bituminous min oils, crude, relative density >= 0.9042 (< 25°A.P.I.)",Canada,United States,District of Columbia,15101804,30238,Volume in cubic metres
2024-11-01,"2709.00.10 - Petroleum & bituminous min oils, crude, relative density >= 0.9042 (< 25°A.P.I.)",Canada,United States,Delaware,39208781,73647,Volume in cubic metres
2024-12-01,"2709.00.10 - Petroleum & bituminous min oils, crude, relative density >= 0.9042 (< 25°A.P.I.)",Canada,United States,Minnesota,9.72E+08,1814434,Volume in cubic metres
2025-01-01,"2709.00.10 - Petroleum & bituminous min oils, crude, relative density >= 0.9042 (< 25°A.P.I.)",Canada,United States,Mississippi,38288950,59063,Volume in cubic metres
2025-02-01,"2709.00.10 - Petroleum & bituminous min oils, crude, relative density >= 0.9042 (< 25°A.P.I.)",Canada,United States,Wyoming,243113,433,Volume in cubic metres
2025-01-01,"2709.00.10 - Petroleum & bituminous min oils, crude, relative density >= 0.9042 (< 25°A.P.I.)",Canada,United States,Oklahoma,9.65E+08,1557463,Volume in cubic metres
2025-01-01,"2709.00.10 - Petroleum & bituminous min oils, crude, relative density >= 0.9042 (< 25°A.P.I.)",Canada,United States,Michigan,1.71E+08,323960,Volume in cubic metres
2025-02-01,"2709.00.10 - Petroleum & bituminous min oils, crude, relative density >= 0.9042 (< 25°A.P.I.)",Canada,United States,Minnesota,8.55E+08,1491168,Volume in cubic metres
2025-02-01,"2709.00.10 - Petroleum & bituminous min oils, crude, relative density >= 0.9042 (< 25°A.P.I.)",Canada,United States,Pennsylvania,1.50E+08,271258,Volume in cubic metres
2025-02-01,"2709.00.10 - Petroleum & bituminous min oils, crude, relative density >= 0.9042 (< 25°A.P.I.)",Canada,United States,Texas,5.36E+08,832862,Volume in cubic metres
2025-03-01,"2709.00.10 - Petroleum & bituminous min oils, crude, relative density >= 0.9042 (< 25°A.P.I.)",Canada,United States,Minnesota,8.44E+08,1512117,Volume in cubic metres
2025-03-01,"2709.00.10 - Petroleum & bituminous min oils, crude, relative density >= 0.9042 (< 25°A.P.I.)",Canada,United States,Colorado,2.27E+08,405195,Volume in cubic metres
2025-04-01,"2709.00.10 - Petroleum & bituminous min oils, crude, relative density >= 0.9042 (< 25°A.P.I.)",Canada,United States,Washington,95881835,179893,Volume in cubic metres
2025-04-01,"2709.00.10 - Petroleum & bituminous min oils, crude, relative density >= 0.9042 (< 25°A.P.I.)",Canada,United States,Mississippi,18808276,34939,Volume in cubic metres
2025-06-01,"2709.00.10 - Petroleum & bituminous min oils, crude, relative density >= 0.9042 (< 25°A.P.I.)",Canada,United States,North Dakota,22431468,50213,Volume in cubic metres
2025-06-01,"2709.00.10 - Petroleum & bituminous min oils, crude, relative density >= 0.9042 (< 25°A.P.I.)",Canada,Hong Kong,N/A,1.41E+08,271868,Volume in cubic metres
2025-04-01,"2709.00.10 - Petroleum & bituminous min oils, crude, relative density >= 0.9042 (< 25°A.P.I.)",Canada,United States,Missouri,30484224,55480,Volume in cubic metres
2025-05-01,"2709.00.10 - Petroleum & bituminous min oils, crude, relative density >= 0.9042 (< 25°A.P.I.)",Canada,United States,Oklahoma,7.86E+08,1464032,Volume in cubic metres
2025-06-01,"2709.00.10 - Petroleum & bituminous min oils, crude, relative density >= 0.9042 (< 25°A.P.I.)",Canada,United States,Texas,6.06E+08,1046174,Volume in cubic metres
2025-07-01,"2709.00.10 - Petroleum & bituminous min oils, crude, relative density >= 0.9042 (< 25°A.P.I.)",Canada,United States,Montana,3.34E+08,658009,Volume in cubic metres
2025-08-01,"2709.00.10 - Petroleum & bituminous min oils, crude, relative density >= 0.9042 (< 25°A.P.I.)",Canada,United States,Michigan,1.64E+08,321435,Volume in cubic metres
2025-08-01,"2709.00.10 - Petroleum & bituminous min oils, crude, relative density >= 0.9042 (< 25°A.P.I.)",Canada,United States,Texas,5.87E+08,987742,Volume in cubic metres
2025-09-01,"2709.00.10 - Petroleum & bituminous min oils, crude, relative density >= 0.9042 (< 25°A.P.I.)",Canada,United States,California,1.57E+08,284407,Volume in cubic metres
2025-09-01,"2709.00.10 - Petroleum & bituminous min oils, crude, relative density >= 0.9042 (< 25°A.P.I.)",Canada,China,N/A,4.54E+08,826084,Volume in cubic metres
2025-11-01,"2709.00.10 - Petroleum & bituminous min oils, crude, relative density >= 0.9042 (< 25°A.P.I.)",Canada,United States,District of Columbia,5920121,11943,Volume in cubic metres
2025-11-01,"2709.00.10 - Petroleum & bituminous min oils, crude, relative density >= 0.9042 (< 25°A.P.I.)",Canada,United States,Louisiana,55324607,112034,Volume in cubic metres
2025-12-01,"2709.00.10 - Petroleum & bituminous min oils, crude, relative density >= 0.9042 (< 25°A.P.I.)",Canada,United States,Minnesota,7.80E+08,1735683,Volume in cubic metres
2025-12-01,"2709.00.10 - Petroleum & bituminous min oils, crude, relative density >= 0.9042 (< 25°A.P.I.)",Canada,United States,Oklahoma,8.00E+08,1641161,Volume in cubic metres
2025-12-01,"2709.00.10 - Petroleum & bituminous min oils, crude, relative density >= 0.9042 (< 25°A.P.I.)",Canada,United States,Wyoming,203522,537,Volume in cubic metres
2025-12-01,"2709.00.10 - Petroleum & bituminous min oils, crude, relative density >= 0.9042 (< 25°A.P.I.)",Canada,United States,Delaware,21358571,44677,Volume in cubic metres
2025-09-01,"2709.00.10 - Petroleum & bituminous min oils, crude, relative density >= 0.9042 (< 25°A.P.I.)",Canada,Germany,N/A,68434277,116455,Volume in cubic metres
2025-10-01,"2709.00.10 - Petroleum & bituminous min oils, crude, relative density >= 0.9042 (< 25°A.P.I.)",Canada,United States,South Dakota,148314,311,Volume in cubic metres
2025-10-01,"2709.00.10 - Petroleum & bituminous min oils, crude, relative density >= 0.9042 (< 25°A.P.I.)",Canada,United States,Minnesota,5.71E+08,1166531,Volume in cubic metres
2025-12-01,"2709.00.10 - Petroleum & bituminous min oils, crude, relative density >= 0.9042 (< 25°A.P.I.)",Canada,United States,Ohio,2.56E+08,475534,Volume in cubic metres
2026-01-01,"2709.00.10 - Petroleum & bituminous min oils, crude, relative density >= 0.9042 (< 25°A.P.I.)",Canada,United States,Alabama,13711254,26074,Volume in cubic metres
2026-01-01,"2709.00.10 - Petroleum & bituminous min oils, crude, relative density >= 0.9042 (< 25°A.P.I.)",Canada,United States,Ohio,1.92E+08,381310,Volume in cubic metres
2026-01-01,"2709.00.10 - Petroleum & bituminous min oils, crude, relative density >= 0.9042 (< 25°A.P.I.)",Canada,United States,South Dakota,75402,182,Volume in cubic metres
2026-01-01,"2709.00.10 - Petroleum & bituminous min oils, crude, relative density >= 0.9042 (< 25°A.P.I.)",Canada,United States,Washington,1.67E+08,310345,Volume in cubic metres
2026-01-01,"2709.00.10 - Petroleum & bituminous min oils, crude, relative density >= 0.9042 (< 25°A.P.I.)",Canada,United States,Delaware,25875654,54211,Volume in cubic metres
2026-02-01,"2709.00.10 - Petroleum & bituminous min oils, crude, relative density >= 0.9042 (< 25°A.P.I.)",Canada,United States,Washington,64439067,126092,Volume in cubic metres
2026-03-01,"2709.00.10 - Petroleum & bituminous min oils, crude, relative density >= 0.9042 (< 25°A.P.I.)",Canada,United States,Missouri,29627303,81235,Volume in cubic metres
2026-06-01,"2709.00.10 - Petroleum & bituminous min oils, crude, relative density >= 0.9042 (< 25°A.P.I.)",Canada,United States,South Dakota,246230,376,Volume in cubic metres
2026-06-01,"2709.00.10 - Petroleum & bituminous min oils, crude, relative density >= 0.9042 (< 25°A.P.I.)",Canada,United States,Montana,3.21E+08,436765,Volume in cubic metres
2026-03-01,"2709.00.10 - Petroleum & bituminous min oils, crude, relative density >= 0.9042 (< 25°A.P.I.)",Canada,United States,Texas,6.10E+08,918529,Volume in cubic metres
2026-05-01,"2709.00.10 - Petroleum & bituminous min oils, crude, relative density >= 0.9042 (< 25°A.P.I.)",Canada,United States,North Dakota,32996415,44424,Volume in cubic metres
2026-06-01,"2709.00.10 - Petroleum & bituminous min oils, crude, relative density >= 0.9042 (< 25°A.P.I.)",Canada,United States,Michigan,1.82E+08,240956,Volume in cubic metres
2021-06-01,"2709.00.10 - Petroleum & bituminous min oils, crude, relative density >= 0.9042 (< 25°A.P.I.)",Canada,United States,Michigan,1.88E+08,475594,Volume in cubic metres
2021-06-01,"2709.00.10 - Petroleum & bituminous min oils, crude, relative density >= 0.9042 (< 25°A.P.I.)",Canada,United States,Pennsylvania,94100414,232351,Volume in cubic metres
2021-07-01,"2709.00.10 - Petroleum & bituminous min oils, crude, relative density >= 0.9042 (< 25°A.P.I.)",Canada,United States,Ohio,1.18E+08,249945,Volume in cubic metres
2021-07-01,"2709.00.10 - Petroleum & bituminous min oils, crude, relative density >= 0.9042 (< 25°A.P.I.)",Canada,China,N/A,49409378,90594,Volume in cubic metres
2021-07-01,"2709.00.10 - Petroleum & bituminous min oils, crude, relative density >= 0.9042 (< 25°A.P.I.)",Canada,United States,Texas,8.09E+08,1470657,Volume in cubic metres
2021-08-01,"2709.00.10 - Petroleum & bituminous min oils, crude, relative density >= 0.9042 (< 25°A.P.I.)",Canada,United Kingdom,N/A,57929437,99878,Volume in cubic metres
2021-08-01,"2709.00.10 - Petroleum & bituminous min oils, crude, relative density >= 0.9042 (< 25°A.P.I.)",Canada,United States,Michigan,1.96E+08,420616,Volume in cubic metres
2021-08-01,"2709.00.10 - Petroleum & bituminous min oils, crude, relative density >= 0.9042 (< 25°A.P.I.)",Canada,United States,Alabama,50466537,99966,Volume in cubic metres
2021-08-01,"2709.00.10 - Petroleum & bituminous min oils, crude, relative density >= 0.9042 (< 25°A.P.I.)",Canada,United States,North Dakota,10671109,20190,Volume in cubic metres
2021-08-01,"2709.00.10 - Petroleum & bituminous min oils, crude, relative density >= 0.9042 (< 25°A.P.I.)",Canada,United States,Montana,3.99E+08,828080,Volume in cubic metres
2021-09-01,"2709.00.10 - Petroleum & bituminous min oils, crude, relative density >= 0.9042 (< 25°A.P.I.)",Canada,United States,California,45674872,85833,Volume in cubic metres
2021-09-01,"2709.00.10 - Petroleum & bituminous min oils, crude, relative density >= 0.9042 (< 25°A.P.I.)",Canada,United States,Colorado,2.93E+08,615466,Volume in cubic metres
2021-10-01,"2709.00.10 - Petroleum & bituminous min oils, crude, relative density >= 0.9042 (< 25°A.P.I.)",Canada,United States,Ohio,99983557,210712,Volume in cubic metres
2021-10-01,"2709.00.10 - Petroleum & bituminous min oils, crude, relative density >= 0.9042 (< 25°A.P.I.)",Canada,United States,Delaware,22987511,43134,Volume in cubic metres
2021-10-01,"2709.00.10 - Petroleum & bituminous min oils, crude, relative density >= 0.9042 (< 25°A.P.I.)",Canada,United States,Washington,81632198,138329,Volume in cubic metres
2021-11-01,"2709.00.10 - Petroleum & bituminous min oils, crude, relative density >= 0.9042 (< 25°A.P.I.)",Canada,United States,Oklahoma,1.02E+09,1729730,Volume in cubic metres
2021-12-01,"2709.00.10 - Petroleum & bituminous min oils, crude, relative density >= 0.9042 (< 25°A.P.I.)",Canada,United States,North Dakota,13567485,25393,Volume in cubic metres
2021-12-01,"2709.00.10 - Petroleum & bituminous min oils, crude, relative density >= 0.9042 (< 25°A.P.I.)",Canada,United States,Delaware,1.67E+08,295947,Volume in cubic metres
2021-12-01,"2709.00.10 - Petroleum & bituminous min oils, crude, relative density >= 0.9042 (< 25°A.P.I.)",Canada,United States,Washington,28614022,56195,Volume in cubic metres
2022-01-01,"2709.00.10 - Petroleum & bituminous min oils, crude, relative density >= 0.9042 (< 25°A.P.I.)",Canada,United States,Illinois,3.97E+09,7288785,Volume in cubic metres
2022-01-01,"2709.00.10 - Petroleum & bituminous min oils, crude, relative density >= 0.9042 (< 25°A.P.I.)",Canada,United States,California,28281007,49701,Volume in cubic metres
2022-01-01,"2709.00.10 - Petroleum & bituminous min oils, crude, relative density >= 0.9042 (< 25°A.P.I.)",Canada,United States,Colorado,2.90E+08,576610,Volume in cubic metres
2022-02-01,"2709.00.10 - Petroleum & bituminous min oils, crude, relative density >= 0.9042 (< 25°A.P.I.)",Canada,Spain,N/A,79212248,106629,Volume in cubic metres
2022-02-01,"2709.00.10 - Petroleum & bituminous min oils, crude, relative density >= 0.9042 (< 25°A.P.I.)",Canada,United States,Colorado,3.38E+08,582703,Volume in cubic metres
2022-02-01,"2709.00.10 - Petroleum & bituminous min oils, crude, relative density >= 0.9042 (< 25°A.P.I.)",Canada,United States,Ohio,1.19E+08,246849,Volume in cubic metres
2022-02-01,"2709.00.10 - Petroleum & bituminous min oils, crude, relative density >= 0.9042 (< 25°A.P.I.)",Canada,United States,Delaware,64269841,106951,Volume in cubic metres
2022-02-01,"2709.00.10 - Petroleum & bituminous min oils, crude, relative density >= 0.9042 (< 25°A.P.I.)",Canada,United States,Alabama,4833328,9826,Volume in cubic metres
2022-03-01,"2709.00.10 - Petroleum & bituminous min oils, crude, relative density >= 0.9042 (< 25°A.P.I.)",Canada,United States,Oklahoma,1.07E+09,1514888,Volume in cubic metres
2022-03-01,"2709.00.10 - Petroleum & bituminous min oils, crude, relative density >= 0.9042 (< 25°A.P.I.)",Canada,United States,South Dakota,21840,62,Volume in cubic metres
2022-04-01,"2709.00.10 - Petroleum & bituminous min oils, crude, relative density >= 0.9042 (< 25°A.P.I.)",Canada,United States,Oklahoma,1.23E+09,1605452,Volume in cubic metres
2022-04-01,"2709.00.10 - Petroleum & bituminous min oils, crude, relative density >= 0.9042 (< 25°A.P.I.)",Canada,United States,Missouri,5.04E+08,664801,Volume in cubic metres
2022-05-01,"2709.00.10 - Petroleum & bituminous min oils, crude, relative density >= 0.9042 (< 25°A.P.I.)",Canada,United States,California,72467241,84851,Volume in cubic metres
2022-06-01,"2709.00.10 - Petroleum & bituminous min oils, crude, relative density >= 0.9042 (< 25°A.P.I.)",Canada,Mexico,N/A,607,2,Volume in cubic metres
2022-06-01,"2709.00.10 - Petroleum & bituminous min oils, crude, relative density >= 0.9042 (< 25°A.P.I.)",Canada,United States,Wyoming,47360609,59131,Volume in cubic metres
2022-06-01,"2709.00.10 - Petroleum & bituminous min oils, crude, relative density >= 0.9042 (< 25°A.P.I.)",Canada,United States,Pennsylvania,1.31E+08,175773,Volume in cubic metres
2022-06-01,"2709.00.10 - Petroleum & bituminous min oils, crude, relative density >= 0.9042 (< 25°A.P.I.)",Canada,United States,Alabama,4533157,9271,Volume in cubic metres
2022-06-01,"2709.00.10 - Petroleum & bituminous min oils, crude, relative density >= 0.9042 (< 25°A.P.I.)",Canada,United States,Louisiana,53541468,55643,Volume in cubic metres
2022-06-01,"2709.00.10 - Petroleum & bituminous min oils, crude, relative density >= 0.9042 (< 25°A.P.I.)",Canada,United States,Missouri,7.29E+08,891326,Volume in cubic metres
2022-07-01,"2709.00.10 - Petroleum & bituminous min oils, crude, relative density >= 0.9042 (< 25°A.P.I.)",Canada,United States,Kansas,12108887,16346,Volume in cubic metres
2022-08-01,"2709.00.10 - Petroleum & bituminous min oils, crude, relative density >= 0.9042 (< 25°A.P.I.)",Canada,United States,Kansas,1.15E+08,184893,Volume in cubic metres
2022-07-01,"2709.00.10 - Petroleum & bituminous min oils, crude, relative density >= 0.9042 (< 25°A.P.I.)",Canada,United States,Illinois,5.08E+09,6389725,Volume in cubic metres
2022-08-01,"2709.00.10 - Petroleum & bituminous min oils, crude, relative density >= 0.9042 (< 25°A.P.I.)",Canada,United States,New York,19356948,26755,Volume in cubic metres
2022-09-01,"2709.00.10 - Petroleum & bituminous min oils, crude, relative density >= 0.9042 (< 25°A.P.I.)",Canada,United States,New York,54386324,91862,Volume in cubic metres
2022-09-01,"2709.00.10 - Petroleum & bituminous min oils, crude, relative density >= 0.9042 (< 25°A.P.I.)",Canada,United States,South Dakota,103903,163,Volume in cubic metres
2022-09-01,"2709.00.10 - Petroleum & bituminous min oils, crude, relative density >= 0.9042 (< 25°A.P.I.)",Canada,United States,Wyoming,40134941,71083,Volume in cubic metres
2022-10-01,"2709.00.10 - Petroleum & bituminous min oils, crude, relative density >= 0.9042 (< 25°A.P.I.)",Canada,United States,Oklahoma,8.84E+08,1379698,Volume in cubic metres
2022-12-01,"2709.00.10 - Petroleum & bituminous min oils, crude, relative density >= 0.9042 (< 25°A.P.I.)",Canada,United States,Michigan,2.60E+08,470613,Volume in cubic metres
2023-01-01,"2709.00.10 - Petroleum & bituminous min oils, crude, relative density >= 0.9042 (< 25°A.P.I.)",Canada,United States,Michigan,2.46E+08,468853,Volume in cubic metres
2022-11-01,"2709.00.10 - Petroleum & bituminous min oils, crude, relative density >= 0.9042 (< 25°A.P.I.)",Canada,United States,North Dakota,40822176,69406,Volume in cubic metres
2022-12-01,"2709.00.10 - Petroleum & bituminous min oils, crude, relative density >= 0.9042 (< 25°A.P.I.)",Canada,United States,Illinois,4.49E+09,7688853,Volume in cubic metres
2022-12-01,"2709.00.10 - Petroleum & bituminous min oils, crude, relative density >= 0.9042 (< 25°A.P.I.)",Canada,Dominican Republic,N/A,14,0,Volume in cubic metres
2023-01-01,"2709.00.10 - Petroleum & bituminous min oils, crude, relative density >= 0.9042 (< 25°A.P.I.)",Canada,United States,Minnesota,6.21E+08,1323671,Volume in cubic metres
2023-01-01,"2709.00.10 - Petroleum & bituminous min oils, crude, relative density >= 0.9042 (< 25°A.P.I.)",Canada,United States,Pennsylvania,92667918,215570,Volume in cubic metres
2023-02-01,"2709.00.10 - Petroleum & bituminous min oils, crude, relative density >= 0.9042 (< 25°A.P.I.)",Canada,United States,Texas,6.43E+08,1128704,Volume in cubic metres
2023-03-01,"2709.00.10 - Petroleum & bituminous min oils, crude, relative density >= 0.9042 (< 25°A.P.I.)",Canada,United States,California,1.21E+08,173307,Volume in cubic metres
2023-03-01,"2709.00.10 - Petroleum & bituminous min oils, crude, relative density >= 0.9042 (< 25°A.P.I.)",Canada,United States,Texas,5.63E+08,981994,Volume in cubic metres
2023-03-01,"2709.00.10 - Petroleum & bituminous min oils, crude, relative density >= 0.9042 (< 25°A.P.I.)",Canada,United States,North Dakota,22005704,49223,Volume in cubic metres
2023-03-01,"2709.00.10 - Petroleum & bituminous min oils, crude, relative density >= 0.9042 (< 25°A.P.I.)",Canada,Netherlands,N/A,71055149,102020,Volume in cubic metres
2023-03-01,"2709.00.10 - Petroleum & bituminous min oils, crude, relative density >= 0.9042 (< 25°A.P.I.)",Canada,United States,Pennsylvania,90728309,208137,Volume in cubic metres
2023-03-01,"2709.00.10 - Petroleum & bituminous min oils, crude, relative density >= 0.9042 (< 25°A.P.I.)",Canada,United States,Illinois,4.21E+09,8200487,Volume in cubic metres
2023-04-01,"2709.00.10 - Petroleum & bituminous min oils, crude, relative density >= 0.9042 (< 25°A.P.I.)",Canada,United States,Missouri,72070084,121040,Volume in cubic metres
2023-04-01,"2709.00.10 - Petroleum & bituminous min oils, crude, relative density >= 0.9042 (< 25°A.P.I.)",Canada,United States,Washington,1.72E+08,255633,Volume in cubic metres
2023-04-01,"2709.00.10 - Petroleum & bituminous min oils, crude, relative density >= 0.9042 (< 25°A.P.I.)",Canada,United States,Colorado,2.74E+08,494577,Volume in cubic metres
2023-05-01,"2709.00.10 - Petroleum & bituminous min oils, crude, relative density >= 0.9042 (< 25°A.P.I.)",Canada,United States,Texas,7.41E+08,1208513,Volume in cubic metres
2023-05-01,"2709.00.10 - Petroleum & bituminous min oils, crude, relative density >= 0.9042 (< 25°A.P.I.)",Canada,United States,Oklahoma,8.95E+08,1567753,Volume in cubic metres
2023-06-01,"2709.00.10 - Petroleum & bituminous min oils, crude, relative density >= 0.9042 (< 25°A.P.I.)",Canada,United States,Louisiana,59677866,88745,Volume in cubic metres
2023-07-01,"2709.00.10 - Petroleum & bituminous min oils, crude, relative density >= 0.9042 (< 25°A.P.I.)",Canada,United States,Alabama,65253869,101587,Volume in cubic metres
2023-09-01,"2709.00.10 - Petroleum & bituminous min oils, crude, relative density >= 0.9042 (< 25°A.P.I.)",Canada,United States,Missouri,5736120,7492,Volume in cubic metres
2023-09-01,"2709.00.10 - Petroleum & bituminous min oils, crude, relative density >= 0.9042 (< 25°A.P.I.)",Canada,United States,Colorado,3.00E+08,460688,Volume in cubic metres
2023-11-01,"2709.00.10 - Petroleum & bituminous min oils, crude, relative density >= 0.9042 (< 25°A.P.I.)",Canada,Spain,N/A,82935310,106470,Volume in cubic metres
2023-11-01,"2709.00.10 - Petroleum & bituminous min oils, crude, relative density >= 0.9042 (< 25°A.P.I.)",Canada,United States,South Dakota,119361,222,Volume in cubic metres
2023-11-01,"2709.00.10 - Petroleum & bituminous min oils, crude, relative density >= 0.9042 (< 25°A.P.I.)",Canada,United States,Minnesota,9.96E+08,1694007,Volume in cubic metres
2024-01-01,"2709.00.10 - Petroleum & bituminous min oils, crude, relative density >= 0.9042 (< 25°A.P.I.)",Canada,United States,Delaware,54580818,114442,Volume in cubic metres
2024-01-01,"2709.00.10 - Petroleum & bituminous min oils, crude, relative density >= 0.9042 (< 25°A.P.I.)",Canada,United States,Michigan,2.06E+08,428625,Volume in cubic metres
2024-02-01,"2709.00.10 - Petroleum & bituminous min oils, crude, relative density >= 0.9042 (< 25°A.P.I.)",Canada,United States,Colorado,2.62E+08,539836,Volume in cubic metres
2024-02-01,"2709.00.10 - Petroleum & bituminous min oils, crude, relative density >= 0.9042 (< 25°A.P.I.)",Canada,United States,Missouri,7486435,15845,Volume in cubic metres
2024-03-01,"2709.00.10 - Petroleum & bituminous min oils, crude, relative density >= 0.9042 (< 25°A.P.I.)",Canada,United States,Washington,16115994,28751,Volume in cubic metres
2024-03-01,"2709.00.10 - Petroleum & bituminous min oils, crude, relative density >= 0.9042 (< 25°A.P.I.)",Canada,United States,Minnesota,8.37E+08,1561655,Volume in cubic metres
2024-03-01,"2709.00.10 - Petroleum & bituminous min oils, crude, relative density >= 0.9042 (< 25°A.P.I.)",Canada,United States,Missouri,60719694,122005,Volume in cubic metres
2024-03-01,"2709.00.10 - Petroleum & bituminous min oils, crude, relative density >= 0.9042 (< 25°A.P.I.)",Canada,United States,Ohio,96706498,156599,Volume in cubic metres
2024-03-01,"2709.00.10 - Petroleum & bituminous min oils, crude, relative density >= 0.9042 (< 25°A.P.I.)",Canada,United States,North Dakota,29732006,62224,Volume in cubic metres
2024-04-01,"2709.00.10 - Petroleum & bituminous min oils, crude, relative density >= 0.9042 (< 25°A.P.I.)",Canada,United States,Colorado,3.46E+08,596115,Volume in cubic metres
2024-04-01,"2709.00.10 - Petroleum & bituminous min oils, crude, relative density >= 0.9042 (< 25°A.P.I.)",Canada,United States,South Dakota,216296,336,Volume in cubic metres
2024-04-01,"2709.00.10 - Petroleum & bituminous min oils, crude, relative density >= 0.9042 (< 25°A.P.I.)",Canada,United States,Louisiana,61156667,86803,Volume in cubic metres
2024-06-01,"2709.00.10 - Petroleum & bituminous min oils, crude, relative density >= 0.9042 (< 25°A.P.I.)",Canada,United States,Minnesota,8.85E+08,1483959,Volume in cubic metres
2024-06-01,"2709.00.10 - Petroleum & bituminous min oils, crude, relative density >= 0.9042 (< 25°A.P.I.)",Canada,Germany,N/A,82100133,116004,Volume in cubic metres
2024-06-01,"2709.00.10 - Petroleum & bituminous min oils, crude, relative density >= 0.9042 (< 25°A.P.I.)",Canada,United States,Pennsylvania,1.07E+08,185659,Volume in cubic metres
2024-06-01,"2709.00.10 - Petroleum & bituminous min oils, crude, relative density >= 0.9042 (< 25°A.P.I.)",Canada,United States,Montana,4.90E+08,797230,Volume in cubic metres
2024-06-01,"2709.00.10 - Petroleum & bituminous min oils, crude, relative density >= 0.9042 (< 25°A.P.I.)",Canada,United States,District of Columbia,5644659,9988,Volume in cubic metres
2024-07-01,"2709.00.10 - Petroleum & bituminous min oils, crude, relative density >= 0.9042 (< 25°A.P.I.)",Canada,United States,Mississippi,39693995,61992,Volume in cubic metres
2024-08-01,"2709.00.10 - Petroleum & bituminous min oils, crude, relative density >= 0.9042 (< 25°A.P.I.)",Canada,United States,Illinois,4.26E+09,7037352,Volume in cubic metres
2024-08-01,"2709.00.10 - Petroleum & bituminous min oils, crude, relative density >= 0.9042 (< 25°A.P.I.)",Canada,United Kingdom,N/A,68779868,101702,Volume in cubic metres
2024-08-01,"2709.00.10 - Petroleum & bituminous min oils, crude, relative density >= 0.9042 (< 25°A.P.I.)",Canada,United States,Louisiana,59592031,94965,Volume in cubic metres
2024-08-01,"2709.00.10 - Petroleum & bituminous min oils, crude, relative density >= 0.9042 (< 25°A.P.I.)",Canada,United States,North Dakota,31556167,54043,Volume in cubic metres
2024-08-01,"2709.00.10 - Petroleum & bituminous min oils, crude, relative density >= 0.9042 (< 25°A.P.I.)",Canada,Netherlands,N/A,70977349,106521,Volume in cubic metres
2024-08-01,"2709.00.10 - Petroleum & bituminous min oils, crude, relative density >= 0.9042 (< 25°A.P.I.)",Canada,United States,California,3.25E+08,519791,Volume in cubic metres
2024-09-01,"2709.00.10 - Petroleum & bituminous min oils, crude, relative density >= 0.9042 (< 25°A.P.I.)",Canada,United States,Delaware,43187123,82652,Volume in cubic metres
2024-10-01,"2709.00.10 - Petroleum & bituminous min oils, crude, relative density >= 0.9042 (< 25°A.P.I.)",Canada,United States,Minnesota,9.06E+08,1690380,Volume in cubic metres
2024-10-01,"2709.00.10 - Petroleum & bituminous min oils, crude, relative density >= 0.9042 (< 25°A.P.I.)",Canada,United States,Delaware,42434740,82307,Volume in cubic metres
2024-11-01,"2709.00.10 - Petroleum & bituminous min oils, crude, relative density >= 0.9042 (< 25°A.P.I.)",Canada,United States,California,1.57E+08,272043,Volume in cubic metres
2024-11-01,"2709.00.10 - Petroleum & bituminous min oils, crude, relative density >= 0.9042 (< 25°A.P.I.)",Canada,United States,Michigan,1.51E+08,296201,Volume in cubic metres
2024-11-01,"2709.00.10 - Petroleum & bituminous min oils, crude, relative density >= 0.9042 (< 25°A.P.I.)",Canada,United States,Illinois,3.92E+09,6935760,Volume in cubic metres
2024-11-01,"2709.00.10 - Petroleum & bituminous min oils, crude, relative density >= 0.9042 (< 25°A.P.I.)",Canada,United States,Oklahoma,7.63E+08,1343248,Volume in cubic metres
2024-12-01,"2709.00.10 - Petroleum & bituminous min oils, crude, relative density >= 0.9042 (< 25°A.P.I.)",Canada,United States,North Dakota,17260313,33299,Volume in cubic metres
2025-01-01,"2709.00.10 - Petroleum & bituminous min oils, crude, relative density >= 0.9042 (< 25°A.P.I.)",Canada,United States,Texas,9.11E+08,1383951,Volume in cubic metres
2025-01-01,"2709.00.10 - Petroleum & bituminous min oils, crude, relative density >= 0.9042 (< 25°A.P.I.)",Canada,Hong Kong,N/A,1.15E+08,181246,Volume in cubic metres
2025-02-01,"2709.00.10 - Petroleum & bituminous min oils, crude, relative density >= 0.9042 (< 25°A.P.I.)",Canada,United States,Illinois,4.12E+09,6952919,Volume in cubic metres
2025-02-01,"2709.00.10 - Petroleum & bituminous min oils, crude, relative density >= 0.9042 (< 25°A.P.I.)",Canada,United States,South Dakota,303910,537,Volume in cubic metres
2025-03-01,"2709.00.10 - Petroleum & bituminous min oils, crude, relative density >= 0.9042 (< 25°A.P.I.)",Canada,United States,South Dakota,167801,319,Volume in cubic metres
2025-03-01,"2709.00.10 - Petroleum & bituminous min oils, crude, relative density >= 0.9042 (< 25°A.P.I.)",Canada,United States,District of Columbia,21446074,39931,Volume in cubic metres
2025-05-01,"2709.00.10 - Petroleum & bituminous min oils, crude, relative density >= 0.9042 (< 25°A.P.I.)",Canada,United States,Colorado,3.84E+08,776025,Volume in cubic metres
2025-06-01,"2709.00.10 - Petroleum & bituminous min oils, crude, relative density >= 0.9042 (< 25°A.P.I.)",Canada,Singapore,N/A,1.48E+08,255355,Volume in cubic metres
2025-05-01,"2709.00.10 - Petroleum & bituminous min oils, crude, relative density >= 0.9042 (< 25°A.P.I.)",Canada,United States,Minnesota,6.36E+08,1407631,Volume in cubic metres
2025-05-01,"2709.00.10 - Petroleum & bituminous min oils, crude, relative density >= 0.9042 (< 25°A.P.I.)",Canada,United States,Missouri,3891013,7381,Volume in cubic metres
2025-05-01,"2709.00.10 - Petroleum & bituminous min oils, crude, relative density >= 0.9042 (< 25°A.P.I.)",Canada,United States,Louisiana,65590337,137660,Volume in cubic metres
2025-07-01,"2709.00.10 - Petroleum & bituminous min oils, crude, relative density >= 0.9042 (< 25°A.P.I.)",Canada,Singapore,N/A,1.97E+08,357259,Volume in cubic metres
2025-08-01,"2709.00.10 - Petroleum & bituminous min oils, crude, relative density >= 0.9042 (< 25°A.P.I.)",Canada,Singapore,N/A,48710653,87920,Volume in cubic metres
2025-08-01,"2709.00.10 - Petroleum & bituminous min oils, crude, relative density >= 0.9042 (< 25°A.P.I.)",Canada,United States,South Dakota,116203,227,Volume in cubic metres
2025-08-01,"2709.00.10 - Petroleum & bituminous min oils, crude, relative density >= 0.9042 (< 25°A.P.I.)",Canada,United States,California,2.89E+08,518586,Volume in cubic metres
2025-07-01,"2709.00.10 - Petroleum & bituminous min oils, crude, relative density >= 0.9042 (< 25°A.P.I.)",Canada,United States,Washington,1.03E+08,183892,Volume in cubic metres
2025-07-01,"2709.00.10 - Petroleum & bituminous min oils, crude, relative density >= 0.9042 (< 25°A.P.I.)",Canada,United States,California,1.55E+08,271873,Volume in cubic metres
2025-08-01,"2709.00.10 - Petroleum & bituminous min oils, crude, relative density >= 0.9042 (< 25°A.P.I.)",Canada,United States,Illinois,3.96E+09,7435571,Volume in cubic metres
2025-09-01,"2709.00.10 - Petroleum & bituminous min oils, crude, relative density >= 0.9042 (< 25°A.P.I.)",Canada,United States,Montana,1.86E+08,379116,Volume in cubic metres
2025-09-01,"2709.00.10 - Petroleum & bituminous min oils, crude, relative density >= 0.9042 (< 25°A.P.I.)",Canada,United States,North Dakota,26525134,56169,Volume in cubic metres
2025-09-01,"2709.00.10 - Petroleum & bituminous min oils, crude, relative density >= 0.9042 (< 25°A.P.I.)",Canada,United States,Washington,1.80E+08,309630,Volume in cubic metres
2025-09-01,"2709.00.10 - Petroleum & bituminous min oils, crude, relative density >= 0.9042 (< 25°A.P.I.)",Canada,United States,Wyoming,29474,58,Volume in cubic metres
2025-11-01,"2709.00.10 - Petroleum & bituminous min oils, crude, relative density >= 0.9042 (< 25°A.P.I.)",Canada,United States,Missouri,117414,254,Volume in cubic metres
2025-12-01,"2709.00.10 - Petroleum & bituminous min oils, crude, relative density >= 0.9042 (< 25°A.P.I.)",Canada,United States,Mississippi,20192474,42112,Volume in cubic metres
2025-10-01,"2709.00.10 - Petroleum & bituminous min oils, crude, relative density >= 0.9042 (< 25°A.P.I.)",Canada,United States,Montana,2.11E+08,436274,Volume in cubic metres
2025-11-01,"2709.00.10 - Petroleum & bituminous min oils, crude, relative density >= 0.9042 (< 25°A.P.I.)",Canada,United States,South Dakota,127956,292,Volume in cubic metres
2025-12-01,"2709.00.10 - Petroleum & bituminous min oils, crude, relative density >= 0.9042 (< 25°A.P.I.)",Canada,United States,Michigan,1.79E+08,418565,Volume in cubic metres
2025-12-01,"2709.00.10 - Petroleum & bituminous min oils, crude, relative density >= 0.9042 (< 25°A.P.I.)",Canada,United States,Washington,53906638,89105,Volume in cubic metres
2025-12-01,"2709.00.10 - Petroleum & bituminous min oils, crude, relative density >= 0.9042 (< 25°A.P.I.)",Canada,United States,Colorado,4.10E+08,904001,Volume in cubic metres
2026-01-01,"2709.00.10 - Petroleum & bituminous min oils, crude, relative density >= 0.9042 (< 25°A.P.I.)",Canada,United States,Louisiana,43325813,93316,Volume in cubic metres
2026-01-01,"2709.00.10 - Petroleum & bituminous min oils, crude, relative density >= 0.9042 (< 25°A.P.I.)",Canada,United States,Mississippi,20636815,43272,Volume in cubic metres
2026-03-01,"2709.00.10 - Petroleum & bituminous min oils, crude, relative density >= 0.9042 (< 25°A.P.I.)",Canada,Germany,N/A,1.92E+08,233711,Volume in cubic metres
2026-01-01,"2709.00.10 - Petroleum & bituminous min oils, crude, relative density >= 0.9042 (< 25°A.P.I.)",Canada,United States,Pennsylvania,73634795,181076,Volume in cubic metres
2026-01-01,"2709.00.10 - Petroleum & bituminous min oils, crude, relative density >= 0.9042 (< 25°A.P.I.)",Canada,United States,Colorado,2.76E+08,618904,Volume in cubic metres
2026-02-01,"2709.00.10 - Petroleum & bituminous min oils, crude, relative density >= 0.9042 (< 25°A.P.I.)",Canada,United States,Missouri,7530914,18280,Volume in cubic metres
2026-02-01,"2709.00.10 - Petroleum & bituminous min oils, crude, relative density >= 0.9042 (< 25°A.P.I.)",Canada,United States,Delaware,18615996,36153,Volume in cubic metres
2026-03-01,"2709.00.10 - Petroleum & bituminous min oils, crude, relative density >= 0.9042 (< 25°A.P.I.)",Canada,China,N/A,1.17E+09,1829386,Volume in cubic metres
2026-03-01,"2709.00.10 - Petroleum & bituminous min oils, crude, relative density >= 0.9042 (< 25°A.P.I.)",Canada,United States,Louisiana,57531724,93153,Volume in cubic metres
2026-03-01,"2709.00.10 - Petroleum & bituminous min oils, crude, relative density >= 0.9042 (< 25°A.P.I.)",Canada,United States,Colorado,4.42E+08,804636,Volume in cubic metres
2026-03-01,"2709.00.10 - Petroleum & bituminous min oils, crude, relative density >= 0.9042 (< 25°A.P.I.)",Canada,United States,Delaware,26089785,45233,Volume in cubic metres
2026-05-01,"2709.00.10 - Petroleum & bituminous min oils, crude, relative density >= 0.9042 (< 25°A.P.I.)",Canada,United States,South Dakota,225908,300,Volume in cubic metres
2026-05-01,"2709.00.10 - Petroleum & bituminous min oils, crude, relative density >= 0.9042 (< 25°A.P.I.)",Canada,United States,Mississippi,6608084,12259,Volume in cubic metres
2026-05-01,"2709.00.10 - Petroleum & bituminous min oils, crude, relative density >= 0.9042 (< 25°A.P.I.)",Canada,United States,Montana,1.86E+08,285026,Volume in cubic metres
2026-05-01,"2709.00.10 - Petroleum & bituminous min oils, crude, relative density >= 0.9042 (< 25°A.P.I.)",Canada,United States,Delaware,47896548,54453,Volume in cubic metres
2026-06-01,"2709.00.10 - Petroleum & bituminous min oils, crude, relative density >= 0.9042 (< 25°A.P.I.)",Canada,United States,Illinois,5.45E+09,7784835,Volume in cubic metres
2026-06-01,"2709.00.10 - Petroleum & bituminous min oils, crude, relative density >= 0.9042 (< 25°A.P.I.)",Canada,United States,Texas,6.95E+08,884634,Volume in cubic metres
2026-03-01,"2709.00.10 - Petroleum & bituminous min oils, crude, relative density >= 0.9042 (< 25°A.P.I.)",Canada,United States,Minnesota,7.68E+08,1611995,Volume in cubic metres
2026-03-01,"2709.00.10 - Petroleum & bituminous min oils, crude, relative density >= 0.9042 (< 25°A.P.I.)",Canada,United States,California,73167009,88635,Volume in cubic metres
2026-04-01,"2709.00.10 - Petroleum & bituminous min oils, crude, relative density >= 0.9042 (< 25°A.P.I.)",Canada,United States,Minnesota,1.16E+09,1681843,Volume in cubic metres
2026-05-01,"2709.00.10 - Petroleum & bituminous min oils, crude, relative density >= 0.9042 (< 25°A.P.I.)",Canada,Singapore,N/A,77947373,90623,Volume in cubic metres
2026-05-01,"2709.00.10 - Petroleum & bituminous min oils, crude, relative density >= 0.9042 (< 25°A.P.I.)",Canada,United States,Ohio,3.45E+08,410323,Volume in cubic metres
2021-06-01,"2709.00.10 - Petroleum & bituminous min oils, crude, relative density >= 0.9042 (< 25°A.P.I.)",Canada,United States,Missouri,3.48E+08,765450,Volume in cubic metres
2021-07-01,"2709.00.10 - Petroleum & bituminous min oils, crude, relative density >= 0.9042 (< 25°A.P.I.)",Canada,United States,Illinois,2.72E+09,5525791,Volume in cubic metres
2021-08-01,"2709.00.10 - Petroleum & bituminous min oils, crude, relative density >= 0.9042 (< 25°A.P.I.)",Canada,United States,Wyoming,58180899,126691,Volume in cubic metres
2021-08-01,"2709.00.10 - Petroleum & bituminous min oils, crude, relative density >= 0.9042 (< 25°A.P.I.)",Canada,United States,California,41714658,71296,Volume in cubic metres
2021-08-01,"2709.00.10 - Petroleum & bituminous min oils, crude, relative density >= 0.9042 (< 25°A.P.I.)",Canada,United States,Colorado,3.05E+08,621289,Volume in cubic metres
2021-09-01,"2709.00.10 - Petroleum & bituminous min oils, crude, relative density >= 0.9042 (< 25°A.P.I.)",Canada,United States,Michigan,2.02E+08,435889,Volume in cubic metres
2021-10-01,"2709.00.10 - Petroleum & bituminous min oils, crude, relative density >= 0.9042 (< 25°A.P.I.)",Canada,United States,Colorado,3.04E+08,598781,Volume in cubic metres
2021-11-01,"2709.00.10 - Petroleum & bituminous min oils, crude, relative density >= 0.9042 (< 25°A.P.I.)",Canada,United States,Louisiana,88167487,141984,Volume in cubic metres
2021-10-01,"2709.00.10 - Petroleum & bituminous min oils, crude, relative density >= 0.9042 (< 25°A.P.I.)",Canada,United States,Oklahoma,6.18E+08,1180090,Volume in cubic metres
2021-11-01,"2709.00.10 - Petroleum & bituminous min oils, crude, relative density >= 0.9042 (< 25°A.P.I.)",Canada,United States,Minnesota,7.55E+08,1348989,Volume in cubic metres
2021-11-01,"2709.00.10 - Petroleum & bituminous min oils, crude, relative density >= 0.9042 (< 25°A.P.I.)",Canada,United States,Delaware,1.13E+08,179848,Volume in cubic metres
2021-12-01,"2709.00.10 - Petroleum & bituminous min oils, crude, relative density >= 0.9042 (< 25°A.P.I.)",Canada,United States,Ohio,2.35E+08,396685,Volume in cubic metres
2021-12-01,"2709.00.10 - Petroleum & bituminous min oils, crude, relative density >= 0.9042 (< 25°A.P.I.)",Canada,United States,Colorado,3.66E+08,698033,Volume in cubic metres
2021-12-01,"2709.00.10 - Petroleum & bituminous min oils, crude, relative density >= 0.9042 (< 25°A.P.I.)",Canada,United States,California,81130892,126294,Volume in cubic metres
2022-01-01,"2709.00.10 - Petroleum & bituminous min oils, crude, relative density >= 0.9042 (< 25°A.P.I.)",Canada,United States,Missouri,4.41E+08,951756,Volume in cubic metres
2022-01-01,"2709.00.10 - Petroleum & bituminous min oils, crude, relative density >= 0.9042 (< 25°A.P.I.)",Canada,United States,Pennsylvania,82493396,174988,Volume in cubic metres
2021-12-01,"2709.00.10 - Petroleum & bituminous min oils, crude, relative density >= 0.9042 (< 25°A.P.I.)",Canada,United States,Michigan,2.19E+08,416277,Volume in cubic metres
2022-01-01,"2709.00.10 - Petroleum & bituminous min oils, crude, relative density >= 0.9042 (< 25°A.P.I.)",Canada,United States,Michigan,1.75E+08,354761,Volume in cubic metres
2022-02-01,"2709.00.10 - Petroleum & bituminous min oils, crude, relative density >= 0.9042 (< 25°A.P.I.)",Canada,United States,Texas,1.11E+09,1703307,Volume in cubic metres
2022-02-01,"2709.00.10 - Petroleum & bituminous min oils, crude, relative density >= 0.9042 (< 25°A.P.I.)",Canada,United States,Louisiana,70743272,95555,Volume in cubic metres
2022-04-01,"2709.00.10 - Petroleum & bituminous min oils, crude, relative density >= 0.9042 (< 25°A.P.I.)",Canada,United States,Washington,59096320,79183,Volume in cubic metres
2022-02-01,"2709.00.10 - Petroleum & bituminous min oils, crude, relative density >= 0.9042 (< 25°A.P.I.)",Canada,United States,Wyoming,61667086,111384,Volume in cubic metres
2022-03-01,"2709.00.10 - Petroleum & bituminous min oils, crude, relative density >= 0.9042 (< 25°A.P.I.)",Canada,United States,Missouri,5.14E+08,786387,Volume in cubic metres
2022-04-01,"2709.00.10 - Petroleum & bituminous min oils, crude, relative density >= 0.9042 (< 25°A.P.I.)",Canada,United States,Kansas,88619,238,Volume in cubic metres
2022-04-01,"2709.00.10 - Petroleum & bituminous min oils, crude, relative density >= 0.9042 (< 25°A.P.I.)",Canada,United States,California,1.24E+08,149587,Volume in cubic metres
2022-04-01,"2709.00.10 - Petroleum & bituminous min oils, crude, relative density >= 0.9042 (< 25°A.P.I.)",Canada,United States,North Dakota,4278059,11919,Volume in cubic metres
2022-04-01,"2709.00.10 - Petroleum & bituminous min oils, crude, relative density >= 0.9042 (< 25°A.P.I.)",Canada,Spain,N/A,1.75E+08,204040,Volume in cubic metres
2022-05-01,"2709.00.10 - Petroleum & bituminous min oils, crude, relative density >= 0.9042 (< 25°A.P.I.)",Canada,United States,Washington,1.45E+08,171173,Volume in cubic metres
2022-05-01,"2709.00.10 - Petroleum & bituminous min oils, crude, relative density >= 0.9042 (< 25°A.P.I.)",Canada,United States,Pennsylvania,1.29E+08,174900,Volume in cubic metres
2022-05-01,"2709.00.10 - Petroleum & bituminous min oils, crude, relative density >= 0.9042 (< 25°A.P.I.)",Canada,United States,Missouri,6.86E+08,897345,Volume in cubic metres
2022-06-01,"2709.00.10 - Petroleum & bituminous min oils, crude, relative density >= 0.9042 (< 25°A.P.I.)",Canada,United Kingdom,N/A,1.04E+08,107265,Volume in cubic metres
2022-06-01,"2709.00.10 - Petroleum & bituminous min oils, crude, relative density >= 0.9042 (< 25°A.P.I.)",Canada,United States,Minnesota,1.31E+09,1584835,Volume in cubic metres
2022-07-01,"2709.00.10 - Petroleum & bituminous min oils, crude, relative density >= 0.9042 (< 25°A.P.I.)",Canada,United States,Colorado,4.37E+08,548743,Volume in cubic metres
2022-07-01,"2709.00.10 - Petroleum & bituminous min oils, crude, relative density >= 0.9042 (< 25°A.P.I.)",Canada,United States,Missouri,6.05E+08,770217,Volume in cubic metres
2022-07-01,"2709.00.10 - Petroleum & bituminous min oils, crude, relative density >= 0.9042 (< 25°A.P.I.)",Canada,United States,California,81998853,90102,Volume in cubic metres
2022-07-01,"2709.00.10 - Petroleum & bituminous min oils, crude, relative density >= 0.9042 (< 25°A.P.I.)",Canada,Germany,N/A,62111046,72542,Volume in cubic metres
2022-08-01,"2709.00.10 - Petroleum & bituminous min oils, crude, relative density >= 0.9042 (< 25°A.P.I.)",Canada,United States,Delaware,72172485,117863,Volume in cubic metres
2022-08-01,"2709.00.10 - Petroleum & bituminous min oils, crude, relative density >= 0.9042 (< 25°A.P.I.)",Canada,United States,Ohio,1.43E+08,179199,Volume in cubic metres
2022-08-01,"2709.00.10 - Petroleum & bituminous min oils, crude, relative density >= 0.9042 (< 25°A.P.I.)",Canada,United States,Pennsylvania,1.53E+08,207028,Volume in cubic metres
2022-08-01,"2709.00.10 - Petroleum & bituminous min oils, crude, relative density >= 0.9042 (< 25°A.P.I.)",Canada,United States,Alabama,4574685,9278,Volume in cubic metres
2022-11-01,"2709.00.10 - Petroleum & bituminous min oils, crude, relative density >= 0.9042 (< 25°A.P.I.)",Canada,United States,Wyoming,11437712,20180,Volume in cubic metres
2022-09-01,"2709.00.10 - Petroleum & bituminous min oils, crude, relative density >= 0.9042 (< 25°A.P.I.)",Canada,United States,Delaware,71537867,118591,Volume in cubic metres
2022-09-01,"2709.00.10 - Petroleum & bituminous min oils, crude, relative density >= 0.9042 (< 25°A.P.I.)",Canada,United States,Missouri,2.98E+08,476557,Volume in cubic metres
2022-10-01,"2709.00.10 - Petroleum & bituminous min oils, crude, relative density >= 0.9042 (< 25°A.P.I.)",Canada,United States,Illinois,5.14E+09,7728233,Volume in cubic metres
2022-10-01,"2709.00.10 - Petroleum & bituminous min oils, crude, relative density >= 0.9042 (< 25°A.P.I.)",Canada,United States,North Dakota,52331152,93518,Volume in cubic metres
2022-10-01,"2709.00.10 - Petroleum & bituminous min oils, crude, relative density >= 0.9042 (< 25°A.P.I.)",Canada,United States,Pennsylvania,1.04E+08,178503,Volume in cubic metres
2022-10-01,"2709.00.10 - Petroleum & bituminous min oils, crude, relative density >= 0.9042 (< 25°A.P.I.)",Canada,United States,Missouri,64312918,106177,Volume in cubic metres
2022-11-01,"2709.00.10 - Petroleum & bituminous min oils, crude, relative density >= 0.9042 (< 25°A.P.I.)",Canada,United States,Texas,8.93E+08,1438092,Volume in cubic metres
2022-11-01,"2709.00.10 - Petroleum & bituminous min oils, crude, relative density >= 0.9042 (< 25°A.P.I.)",Canada,United States,California,92690381,125716,Volume in cubic metres
2022-11-01,"2709.00.10 - Petroleum & bituminous min oils, crude, relative density >= 0.9042 (< 25°A.P.I.)",Canada,United States,Louisiana,263197,324,Volume in cubic metres
2022-11-01,"2709.00.10 - Petroleum & bituminous min oils, crude, relative density >= 0.9042 (< 25°A.P.I.)",Canada,United States,Delaware,56788174,99043,Volume in cubic metres
2022-12-01,"2709.00.10 - Petroleum & bituminous min oils, crude, relative density >= 0.9042 (< 25°A.P.I.)",Canada,United States,Alabama,2765928,5185,Volume in cubic metres
2022-12-01,"2709.00.10 - Petroleum & bituminous min oils, crude, relative density >= 0.9042 (< 25°A.P.I.)",Canada,United States,South Dakota,391229,797,Volume in cubic metres
2023-01-01,"2709.00.10 - Petroleum & bituminous min oils, crude, relative density >= 0.9042 (< 25°A.P.I.)",Canada,United States,North Dakota,27586718,59193,Volume in cubic metres
2023-01-01,"2709.00.10 - Petroleum & bituminous min oils, crude, relative density >= 0.9042 (< 25°A.P.I.)",Canada,United States,Colorado,2.55E+08,547305,Volume in cubic metres
2023-02-01,"2709.00.10 - Petroleum & bituminous min oils, crude, relative density >= 0.9042 (< 25°A.P.I.)",Canada,United States,Missouri,64746920,123782,Volume in cubic metres
2023-02-01,"2709.00.10 - Petroleum & bituminous min oils, crude, relative density >= 0.9042 (< 25°A.P.I.)",Canada,United States,Oklahoma,7.44E+08,1480908,Volume in cubic metres
2023-05-01,"2709.00.10 - Petroleum & bituminous min oils, crude, relative density >= 0.9042 (< 25°A.P.I.)",Canada,United States,Montana,4.03E+08,740600,Volume in cubic metres
2023-03-01,"2709.00.10 - Petroleum & bituminous min oils, crude, relative density >= 0.9042 (< 25°A.P.I.)",Canada,United States,Minnesota,8.65E+08,1715209,Volume in cubic metres
2023-03-01,"2709.00.10 - Petroleum & bituminous min oils, crude, relative density >= 0.9042 (< 25°A.P.I.)",Canada,Germany,N/A,71419630,106470,Volume in cubic metres
2023-04-01,"2709.00.10 - Petroleum & bituminous min oils, crude, relative density >= 0.9042 (< 25°A.P.I.)",Canada,Hong Kong,N/A,48675456,95647,Volume in cubic metres
2023-04-01,"2709.00.10 - Petroleum & bituminous min oils, crude, relative density >= 0.9042 (< 25°A.P.I.)",Canada,United States,Louisiana,1.91E+08,232468,Volume in cubic metres
2023-04-01,"2709.00.10 - Petroleum & bituminous min oils, crude, relative density >= 0.9042 (< 25°A.P.I.)",Canada,United States,South Dakota,36892,72,Volume in cubic metres
2023-05-01,"2709.00.10 - Petroleum & bituminous min oils, crude, relative density >= 0.9042 (< 25°A.P.I.)",Canada,United States,Louisiana,85805959,123786,Volume in cubic metres
2023-06-01,"2709.00.10 - Petroleum & bituminous min oils, crude, relative density >= 0.9042 (< 25°A.P.I.)",Canada,United States,Washington,40255792,75688,Volume in cubic metres
2023-06-01,"2709.00.10 - Petroleum & bituminous min oils, crude, relative density >= 0.9042 (< 25°A.P.I.)",Canada,Spain,N/A,66417862,106470,Volume in cubic metres
2023-07-01,"2709.00.10 - Petroleum & bituminous min oils, crude, relative density >= 0.9042 (< 25°A.P.I.)",Canada,United States,New Jersey,4673769,8242,Volume in cubic metres
2023-07-01,"2709.00.10 - Petroleum & bituminous min oils, crude, relative density >= 0.9042 (< 25°A.P.I.)",Canada,United States,North Dakota,22566832,48456,Volume in cubic metres
2023-08-01,"2709.00.10 - Petroleum & bituminous min oils, crude, relative density >= 0.9042 (< 25°A.P.I.)",Canada,United States,Texas,7.91E+08,1174641,Volume in cubic metres
2023-08-01,"2709.00.10 - Petroleum & bituminous min oils, crude, relative density >= 0.9042 (< 25°A.P.I.)",Canada,United States,Illinois,4.16E+09,7421073,Volume in cubic metres
2023-09-01,"2709.00.10 - Petroleum & bituminous min oils, crude, relative density >= 0.9042 (< 25°A.P.I.)",Canada,Netherlands,N/A,79820497,106470,Volume in cubic metres
2023-09-01,"2709.00.10 - Petroleum & bituminous min oils, crude, relative density >= 0.9042 (< 25°A.P.I.)",Canada,United States,Puerto Rico,34182456,44211,Volume in cubic metres
2023-09-01,"2709.00.10 - Petroleum & bituminous min oils, crude, relative density >= 0.9042 (< 25°A.P.I.)",Canada,United States,Michigan,1.30E+08,243690,Volume in cubic metres
2023-09-01,"2709.00.10 - Petroleum & bituminous min oils, crude, relative density >= 0.9042 (< 25°A.P.I.)",Canada,United States,Ohio,2.67E+08,378239,Volume in cubic metres
2023-09-01,"2709.00.10 - Petroleum & bituminous min oils, crude, relative density >= 0.9042 (< 25°A.P.I.)",Canada,United States,Mississippi,92169461,134104,Volume in cubic metres
2023-09-01,"2709.00.10 - Petroleum & bituminous min oils, crude, relative density >= 0.9042 (< 25°A.P.I.)",Canada,United States,District of Columbia,24202569,40002,Volume in cubic metres
2023-09-01,"2709.00.10 - Petroleum & bituminous min oils, crude, relative density >= 0.9042 (< 25°A.P.I.)",Canada,United States,South Dakota,107398,163,Volume in cubic metres
2023-10-01,"2709.00.10 - Petroleum & bituminous min oils, crude, relative density >= 0.9042 (< 25°A.P.I.)",Canada,United States,Colorado,3.38E+08,500906,Volume in cubic metres
2023-10-01,"2709.00.10 - Petroleum & bituminous min oils, crude, relative density >= 0.9042 (< 25°A.P.I.)",Canada,United States,Illinois,5.12E+09,8185147,Volume in cubic metres
2023-10-01,"2709.00.10 - Petroleum & bituminous min oils, crude, relative density >= 0.9042 (< 25°A.P.I.)",Canada,United Kingdom,N/A,79856718,96141,Volume in cubic metres
2023-10-01,"2709.00.10 - Petroleum & bituminous min oils, crude, relative density >= 0.9042 (< 25°A.P.I.)",Canada,United States,Texas,9.46E+08,1287772,Volume in cubic metres
2023-10-01,"2709.00.10 - Petroleum & bituminous min oils, crude, relative density >= 0.9042 (< 25°A.P.I.)",Canada,United States,Washington,89819807,131102,Volume in cubic metres
2023-10-01,"2709.00.10 - Petroleum & bituminous min oils, crude, relative density >= 0.9042 (< 25°A.P.I.)",Canada,United States,Pennsylvania,1.46E+08,233531,Volume in cubic metres
2023-11-01,"2709.00.10 - Petroleum & bituminous min oils, crude, relative density >= 0.9042 (< 25°A.P.I.)",Canada,United States,Illinois,5.18E+09,8268067,Volume in cubic metres
2023-11-01,"2709.00.10 - Petroleum & bituminous min oils, crude, relative density >= 0.9042 (< 25°A.P.I.)",Canada,United States,Montana,4.32E+08,726478,Volume in cubic metres
2023-11-01,"2709.00.10 - Petroleum & bituminous min oils, crude, relative density >= 0.9042 (< 25°A.P.I.)",Canada,United States,Missouri,25253422,42513,Volume in cubic metres
2023-11-01,"2709.00.10 - Petroleum & bituminous min oils, crude, relative density >= 0.9042 (< 25°A.P.I.)",Canada,United States,North Dakota,29824124,51821,Volume in cubic metres
2023-12-01,"2709.00.10 - Petroleum & bituminous min oils, crude, relative density >= 0.9042 (< 25°A.P.I.)",Canada,United States,Kansas,23188280,53679,Volume in cubic metres
2023-12-01,"2709.00.10 - Petroleum & bituminous min oils, crude, relative density >= 0.9042 (< 25°A.P.I.)",Canada,United States,Ohio,1.61E+08,313375,Volume in cubic metres
2024-01-01,"2709.00.10 - Petroleum & bituminous min oils, crude, relative density >= 0.9042 (< 25°A.P.I.)",Canada,United States,Louisiana,1.39E+08,215153,Volume in cubic metres
2024-01-01,"2709.00.10 - Petroleum & bituminous min oils, crude, relative density >= 0.9042 (< 25°A.P.I.)",Canada,United States,Oklahoma,7.06E+08,1461448,Volume in cubic metres
2024-01-01,"2709.00.10 - Petroleum & bituminous min oils, crude, relative density >= 0.9042 (< 25°A.P.I.)",Canada,United States,Montana,3.14E+08,700828,Volume in cubic metres
2024-01-01,"2709.00.10 - Petroleum & bituminous min oils, crude, relative density >= 0.9042 (< 25°A.P.I.)",Canada,United States,Ohio,1.81E+08,333518,Volume in cubic metres
2024-01-01,"2709.00.10 - Petroleum & bituminous min oils, crude, relative density >= 0.9042 (< 25°A.P.I.)",Canada,United States,Wyoming,3628017,10161,Volume in cubic metres
2024-02-01,"2709.00.10 - Petroleum & bituminous min oils, crude, relative density >= 0.9042 (< 25°A.P.I.)",Canada,United States,District of Columbia,13777548,30142,Volume in cubic metres
2024-02-01,"2709.00.10 - Petroleum & bituminous min oils, crude, relative density >= 0.9042 (< 25°A.P.I.)",Canada,United States,Washington,34852825,60847,Volume in cubic metres
2024-03-01,"2709.00.10 - Petroleum & bituminous min oils, crude, relative density >= 0.9042 (< 25°A.P.I.)",Canada,United States,South Dakota,226183,391,Volume in cubic metres
2024-04-01,"2709.00.10 - Petroleum & bituminous min oils, crude, relative density >= 0.9042 (< 25°A.P.I.)",Canada,United States,Minnesota,8.76E+08,1446401,Volume in cubic metres
2024-04-01,"2709.00.10 - Petroleum & bituminous min oils, crude, relative density >= 0.9042 (< 25°A.P.I.)",Canada,United States,Montana,4.02E+08,666358,Volume in cubic metres
2024-04-01,"2709.00.10 - Petroleum & bituminous min oils, crude, relative density >= 0.9042 (< 25°A.P.I.)",Canada,United States,District of Columbia,52892490,91689,Volume in cubic metres
2024-04-01,"2709.00.10 - Petroleum & bituminous min oils, crude, relative density >= 0.9042 (< 25°A.P.I.)",Canada,United States,California,61677142,92093,Volume in cubic metres
2024-04-01,"2709.00.10 - Petroleum & bituminous min oils, crude, relative density >= 0.9042 (< 25°A.P.I.)",Canada,United States,Washington,33552816,57528,Volume in cubic metres
2024-04-01,"2709.00.10 - Petroleum & bituminous min oils, crude, relative density >= 0.9042 (< 25°A.P.I.)",Canada,United States,Wyoming,19910517,38206,Volume in cubic metres
2024-05-01,"2709.00.10 - Petroleum & bituminous min oils, crude, relative density >= 0.9042 (< 25°A.P.I.)",Canada,United States,Alabama,4659287,8932,Volume in cubic metres
2024-05-01,"2709.00.10 - Petroleum & bituminous min oils, crude, relative density >= 0.9042 (< 25°A.P.I.)",Canada,United States,South Dakota,97999,154,Volume in cubic metres
2024-05-01,"2709.00.10 - Petroleum & bituminous min oils, crude, relative density >= 0.9042 (< 25°A.P.I.)",Canada,United States,Louisiana,71065562,106899,Volume in cubic metres
2024-06-01,"2709.00.10 - Petroleum & bituminous min oils, crude, relative density >= 0.9042 (< 25°A.P.I.)",Canada,United States,Illinois,4.53E+09,7578579,Volume in cubic metres
2024-06-01,"2709.00.10 - Petroleum & bituminous min oils, crude, relative density >= 0.9042 (< 25°A.P.I.)",Canada,United States,Delaware,41230985,73356,Volume in cubic metres
2024-06-01,"2709.00.10 - Petroleum & bituminous min oils, crude, relative density >= 0.9042 (< 25°A.P.I.)",Canada,United States,Colorado,3.30E+08,541957,Volume in cubic metres
2024-06-01,"2709.00.10 - Petroleum & bituminous min oils, crude, relative density >= 0.9042 (< 25°A.P.I.)",Canada,United States,Mississippi,32983203,55545,Volume in cubic metres
2024-06-01,"2709.00.10 - Petroleum & bituminous min oils, crude, relative density >= 0.9042 (< 25°A.P.I.)",Canada,United States,Oklahoma,9.02E+08,1460734,Volume in cubic metres
2024-08-01,"2709.00.10 - Petroleum & bituminous min oils, crude, relative density >= 0.9042 (< 25°A.P.I.)",Canada,United States,Texas,8.63E+08,1298122,Volume in cubic metres
2024-09-01,"2709.00.10 - Petroleum & bituminous min oils, crude, relative density >= 0.9042 (< 25°A.P.I.)",Canada,United States,Minnesota,6.57E+08,1165327,Volume in cubic metres
2024-09-01,"2709.00.10 - Petroleum & bituminous min oils, crude, relative density >= 0.9042 (< 25°A.P.I.)",Canada,United States,North Dakota,24221493,45925,Volume in cubic metres
2024-09-01,"2709.00.10 - Petroleum & bituminous min oils, crude, relative density >= 0.9042 (< 25°A.P.I.)",Canada,United States,Texas,7.90E+08,1278297,Volume in cubic metres
2024-09-01,"2709.00.10 - Petroleum & bituminous min oils, crude, relative density >= 0.9042 (< 25°A.P.I.)",Canada,United States,Oklahoma,8.04E+08,1407938,Volume in cubic metres
2024-09-01,"2709.00.10 - Petroleum & bituminous min oils, crude, relative density >= 0.9042 (< 25°A.P.I.)",Canada,Singapore,N/A,2.04E+08,353084,Volume in cubic metres
2024-10-01,"2709.00.10 - Petroleum & bituminous min oils, crude, relative density >= 0.9042 (< 25°A.P.I.)",Canada,United States,Texas,8.37E+08,1348231,Volume in cubic metres
2024-11-01,"2709.00.10 - Petroleum & bituminous min oils, crude, relative density >= 0.9042 (< 25°A.P.I.)",Canada,United States,Texas,7.31E+08,1167252,Volume in cubic metres
2024-11-01,"2709.00.10 - Petroleum & bituminous min oils, crude, relative density >= 0.9042 (< 25°A.P.I.)",Canada,Hong Kong,N/A,1.08E+08,184135,Volume in cubic metres
2024-12-01,"2709.00.10 - Petroleum & bituminous min oils, crude, relative density >= 0.9042 (< 25°A.P.I.)",Canada,United States,Missouri,52633832,108337,Volume in cubic metres
2024-12-01,"2709.00.10 - Petroleum & bituminous min oils, crude, relative density >= 0.9042 (< 25°A.P.I.)",Canada,United States,Texas,9.57E+08,1498458,Volume in cubic metres
2024-12-01,"2709.00.10 - Petroleum & bituminous min oils, crude, relative density >= 0.9042 (< 25°A.P.I.)",Canada,Singapore,N/A,50231315,92927,Volume in cubic metres
2024-12-01,"2709.00.10 - Petroleum & bituminous min oils, crude, relative density >= 0.9042 (< 25°A.P.I.)",Canada,United States,Kansas,5553376,10001,Volume in cubic metres
2024-12-01,"2709.00.10 - Petroleum & bituminous min oils, crude, relative density >= 0.9042 (< 25°A.P.I.)",Canada,United States,Mississippi,29332781,48435,Volume in cubic metres
2025-02-01,"2709.00.10 - Petroleum & bituminous min oils, crude, relative density >= 0.9042 (< 25°A.P.I.)",Canada,United States,Delaware,5918434,9205,Volume in cubic metres
2025-02-01,"2709.00.10 - Petroleum & bituminous min oils, crude, relative density >= 0.9042 (< 25°A.P.I.)",Canada,United States,Ohio,2.41E+08,358874,Volume in cubic metres
2025-03-01,"2709.00.10 - Petroleum & bituminous min oils, crude, relative density >= 0.9042 (< 25°A.P.I.)",Canada,United States,Michigan,1.90E+08,337117,Volume in cubic metres
2025-01-01,"2709.00.10 - Petroleum & bituminous min oils, crude, relative density >= 0.9042 (< 25°A.P.I.)",Canada,United Kingdom,N/A,66607533,100926,Volume in cubic metres
2025-02-01,"2709.00.10 - Petroleum & bituminous min oils, crude, relative density >= 0.9042 (< 25°A.P.I.)",Canada,United States,Oklahoma,9.11E+08,1445442,Volume in cubic metres
2025-02-01,"2709.00.10 - Petroleum & bituminous min oils, crude, relative density >= 0.9042 (< 25°A.P.I.)",Canada,United States,California,1.96E+08,309790,Volume in cubic metres
2025-03-01,"2709.00.10 - Petroleum & bituminous min oils, crude, relative density >= 0.9042 (< 25°A.P.I.)",Canada,Germany,N/A,63786124,106521,Volume in cubic metres
2025-03-01,"2709.00.10 - Petroleum & bituminous min oils, crude, relative density >= 0.9042 (< 25°A.P.I.)",Canada,Spain,N/A,67605388,101752,Volume in cubic metres
2025-03-01,"2709.00.10 - Petroleum & bituminous min oils, crude, relative density >= 0.9042 (< 25°A.P.I.)",Canada,United States,Louisiana,62902550,104662,Volume in cubic metres
2025-03-01,"2709.00.10 - Petroleum & bituminous min oils, crude, relative density >= 0.9042 (< 25°A.P.I.)",Canada,United States,Pennsylvania,70111326,130426,Volume in cubic metres
2025-04-01,"2709.00.10 - Petroleum & bituminous min oils, crude, relative density >= 0.9042 (< 25°A.P.I.)",Canada,United States,Minnesota,8.00E+08,1486555,Volume in cubic metres
2025-05-01,"2709.00.10 - Petroleum & bituminous min oils, crude, relative density >= 0.9042 (< 25°A.P.I.)",Canada,United Kingdom,N/A,60750320,106521,Volume in cubic metres
2025-06-01,"2709.00.10 - Petroleum & bituminous min oils, crude, relative density >= 0.9042 (< 25°A.P.I.)",Canada,United States,District of Columbia,4017563,8246,Volume in cubic metres
2025-06-01,"2709.00.10 - Petroleum & bituminous min oils, crude, relative density >= 0.9042 (< 25°A.P.I.)",Canada,"Korea, South",N/A,1.06E+08,183458,Volume in cubic metres
2025-06-01,"2709.00.10 - Petroleum & bituminous min oils, crude, relative density >= 0.9042 (< 25°A.P.I.)",Canada,United States,Alabama,36572677,60416,Volume in cubic metres
2025-07-01,"2709.00.10 - Petroleum & bituminous min oils, crude, relative density >= 0.9042 (< 25°A.P.I.)",Canada,United States,Alabama,4787951,8901,Volume in cubic metres
2025-04-01,"2709.00.10 - Petroleum & bituminous min oils, crude, relative density >= 0.9042 (< 25°A.P.I.)",Canada,United States,California,3.20E+08,538164,Volume in cubic metres
2025-04-01,"2709.00.10 - Petroleum & bituminous min oils, crude, relative density >= 0.9042 (< 25°A.P.I.)",Canada,United States,Pennsylvania,1.22E+08,249700,Volume in cubic metres
2025-06-01,"2709.00.10 - Petroleum & bituminous min oils, crude, relative density >= 0.9042 (< 25°A.P.I.)",Canada,United States,California,99024714,178372,Volume in cubic metres
2025-06-01,"2709.00.10 - Petroleum & bituminous min oils, crude, relative density >= 0.9042 (< 25°A.P.I.)",Canada,United States,Washington,77813465,143321,Volume in cubic metres
2025-06-01,"2709.00.10 - Petroleum & bituminous min oils, crude, relative density >= 0.9042 (< 25°A.P.I.)",Canada,United States,Pennsylvania,88451486,200644,Volume in cubic metres
2025-08-01,"2709.00.10 - Petroleum & bituminous min oils, crude, relative density >= 0.9042 (< 25°A.P.I.)",Canada,United States,Montana,2.93E+08,573856,Volume in cubic metres
2025-09-01,"2709.00.10 - Petroleum & bituminous min oils, crude, relative density >= 0.9042 (< 25°A.P.I.)",Canada,Singapore,N/A,1.83E+08,350131,Volume in cubic metres
2025-08-01,"2709.00.10 - Petroleum & bituminous min oils, crude, relative density >= 0.9042 (< 25°A.P.I.)",Canada,United States,Minnesota,8.00E+08,1518599,Volume in cubic metres
2025-08-01,"2709.00.10 - Petroleum & bituminous min oils, crude, relative density >= 0.9042 (< 25°A.P.I.)",Canada,United States,Pennsylvania,89237647,176567,Volume in cubic metres
2025-08-01,"2709.00.10 - Petroleum & bituminous min oils, crude, relative density >= 0.9042 (< 25°A.P.I.)",Canada,United States,Washington,1.92E+08,342894,Volume in cubic metres
2025-09-01,"2709.00.10 - Petroleum & bituminous min oils, crude, relative density >= 0.9042 (< 25°A.P.I.)",Canada,United States,Colorado,3.84E+08,763989,Volume in cubic metres
2025-11-01,"2709.00.10 - Petroleum & bituminous min oils, crude, relative density >= 0.9042 (< 25°A.P.I.)",Canada,Hong Kong,N/A,91349770,183789,Volume in cubic metres
2025-12-01,"2709.00.10 - Petroleum & bituminous min oils, crude, relative density >= 0.9042 (< 25°A.P.I.)",Canada,United States,North Dakota,27264447,63769,Volume in cubic metres
2025-10-01,"2709.00.10 - Petroleum & bituminous min oils, crude, relative density >= 0.9042 (< 25°A.P.I.)",Canada,United States,Alabama,55425393,86229,Volume in cubic metres
2025-11-01,"2709.00.10 - Petroleum & bituminous min oils, crude, relative density >= 0.9042 (< 25°A.P.I.)",Canada,United States,Illinois,3.36E+09,6498455,Volume in cubic metres
2025-12-01,"2709.00.10 - Petroleum & bituminous min oils, crude, relative density >= 0.9042 (< 25°A.P.I.)",Canada,United States,South Dakota,102613,247,Volume in cubic metres
2026-01-01,"2709.00.10 - Petroleum & bituminous min oils, crude, relative density >= 0.9042 (< 25°A.P.I.)",Canada,United Kingdom,N/A,61097276,106788,Volume in cubic metres
2026-02-01,"2709.00.10 - Petroleum & bituminous min oils, crude, relative density >= 0.9042 (< 25°A.P.I.)",Canada,United States,Louisiana,48319960,102834,Volume in cubic metres
2026-01-01,"2709.00.10 - Petroleum & bituminous min oils, crude, relative density >= 0.9042 (< 25°A.P.I.)",Canada,United States,North Dakota,21056308,51847,Volume in cubic metres
2026-01-01,"2709.00.10 - Petroleum & bituminous min oils, crude, relative density >= 0.9042 (< 25°A.P.I.)",Canada,United States,California,1.28E+08,247600,Volume in cubic metres
2026-01-01,"2709.00.10 - Petroleum & bituminous min oils, crude, relative density >= 0.9042 (< 25°A.P.I.)",Canada,United States,Wyoming,644339,1529,Volume in cubic metres
2026-02-01,"2709.00.10 - Petroleum & bituminous min oils, crude, relative density >= 0.9042 (< 25°A.P.I.)",Canada,Germany,N/A,70143440,117005,Volume in cubic metres
2026-02-01,"2709.00.10 - Petroleum & bituminous min oils, crude, relative density >= 0.9042 (< 25°A.P.I.)",Canada,United States,Mississippi,28842939,57447,Volume in cubic metres
2026-02-01,"2709.00.10 - Petroleum & bituminous min oils, crude, relative density >= 0.9042 (< 25°A.P.I.)",Canada,United States,Texas,4.37E+08,802200,Volume in cubic metres
2026-03-01,"2709.00.10 - Petroleum & bituminous min oils, crude, relative density >= 0.9042 (< 25°A.P.I.)",Canada,Singapore,N/A,1.01E+08,114798,Volume in cubic metres
2026-03-01,"2709.00.10 - Petroleum & bituminous min oils, crude, relative density >= 0.9042 (< 25°A.P.I.)",Canada,United States,Mississippi,35231514,57191,Volume in cubic metres
2026-04-01,"2709.00.10 - Petroleum & bituminous min oils, crude, relative density >= 0.9042 (< 25°A.P.I.)",Canada,United States,Montana,2.79E+08,413720,Volume in cubic metres
2026-05-01,"2709.00.10 - Petroleum & bituminous min oils, crude, relative density >= 0.9042 (< 25°A.P.I.)",Canada,United States,Alabama,46956477,64606,Volume in cubic metres
2026-06-01,"2709.00.10 - Petroleum & bituminous min oils, crude, relative density >= 0.9042 (< 25°A.P.I.)",Canada,China,N/A,1.05E+09,1457232,Volume in cubic metres
2026-06-01,"2709.00.10 - Petroleum & bituminous min oils, crude, relative density >= 0.9042 (< 25°A.P.I.)",Canada,United States,Wyoming,591998,877,Volume in cubic metres
2026-06-01,"2709.00.10 - Petroleum & bituminous min oils, crude, relative density >= 0.9042 (< 25°A.P.I.)",Canada,United States,North Dakota,42072037,57523,Volume in cubic metres
2026-06-01,"2709.00.10 - Petroleum & bituminous min oils, crude, relative density >= 0.9042 (< 25°A.P.I.)",Canada,United States,Oklahoma,9.91E+08,1300165,Volume in cubic metres
2026-03-01,"2709.00.10 - Petroleum & bituminous min oils, crude, relative density >= 0.9042 (< 25°A.P.I.)",Canada,United States,Montana,2.39E+08,507798,Volume in cubic metres
2026-04-01,"2709.00.10 - Petroleum & bituminous min oils, crude, relative density >= 0.9042 (< 25°A.P.I.)",Canada,United States,Colorado,4.49E+08,653516,Volume in cubic metres
2026-05-01,"2709.00.10 - Petroleum & bituminous min oils, crude, relative density >= 0.9042 (< 25°A.P.I.)",Canada,Netherlands,N/A,2.66E+08,231027,Volume in cubic metres
2026-05-01,"2709.00.10 - Petroleum & bituminous min oils, crude, relative density >= 0.9042 (< 25°A.P.I.)",Canada,United States,Louisiana,58641251,74065,Volume in cubic metres
2026-05-01,"2709.00.10 - Petroleum & bituminous min oils, crude, relative density >= 0.9042 (< 25°A.P.I.)",Canada,United States,Minnesota,1.19E+09,1519698,Volume in cubic metres
2026-05-01,"2709.00.10 - Petroleum & bituminous min oils, crude, relative density >= 0.9042 (< 25°A.P.I.)",Canada,United States,Washington,2.17E+08,265075,Volume in cubic metres
2026-05-01,"2709.00.10 - Petroleum & bituminous min oils, crude, relative density >= 0.9042 (< 25°A.P.I.)",Canada,United States,Colorado,4.89E+08,644072,Volume in cubic metres
2021-06-01,"2709.00.10 - Petroleum & bituminous min oils, crude, relative density >= 0.9042 (< 25°A.P.I.)",Canada,United States,Louisiana,56420797,106039,Volume in cubic metres
2021-07-01,"2709.00.10 - Petroleum & bituminous min oils, crude, relative density >= 0.9042 (< 25°A.P.I.)",Canada,United States,Delaware,91173679,171465,Volume in cubic metres
2021-06-01,"2709.00.10 - Petroleum & bituminous min oils, crude, relative density >= 0.9042 (< 25°A.P.I.)",Canada,United States,Alabama,45948154,99013,Volume in cubic metres
2021-06-01,"2709.00.10 - Petroleum & bituminous min oils, crude, relative density >= 0.9042 (< 25°A.P.I.)",Canada,United States,Washington,34410229,69521,Volume in cubic metres
2021-06-01,"2709.00.10 - Petroleum & bituminous min oils, crude, relative density >= 0.9042 (< 25°A.P.I.)",Canada,United States,Minnesota,7.50E+08,1714271,Volume in cubic metres
2021-07-01,"2709.00.10 - Petroleum & bituminous min oils, crude, relative density >= 0.9042 (< 25°A.P.I.)",Canada,Singapore,N/A,4059396,8585,Volume in cubic metres
2021-08-01,"2709.00.10 - Petroleum & bituminous min oils, crude, relative density >= 0.9042 (< 25°A.P.I.)",Canada,United States,Delaware,74756024,144101,Volume in cubic metres
2021-09-01,"2709.00.10 - Petroleum & bituminous min oils, crude, relative density >= 0.9042 (< 25°A.P.I.)",Canada,United States,Mississippi,22500292,51963,Volume in cubic metres
2021-09-01,"2709.00.10 - Petroleum & bituminous min oils, crude, relative density >= 0.9042 (< 25°A.P.I.)",Canada,United States,South Dakota,154070,405,Volume in cubic metres
2021-09-01,"2709.00.10 - Petroleum & bituminous min oils, crude, relative density >= 0.9042 (< 25°A.P.I.)",Canada,United States,Louisiana,52740404,120304,Volume in cubic metres
2021-09-01,"2709.00.10 - Petroleum & bituminous min oils, crude, relative density >= 0.9042 (< 25°A.P.I.)",Canada,United States,Texas,9.76E+08,1749548,Volume in cubic metres
2021-09-01,"2709.00.10 - Petroleum & bituminous min oils, crude, relative density >= 0.9042 (< 25°A.P.I.)",Canada,United States,Wyoming,1.20E+08,267503,Volume in cubic metres
2021-09-01,"2709.00.10 - Petroleum & bituminous min oils, crude, relative density >= 0.9042 (< 25°A.P.I.)",Canada,United States,Missouri,3.40E+08,739564,Volume in cubic metres
2021-10-01,"2709.00.10 - Petroleum & bituminous min oils, crude, relative density >= 0.9042 (< 25°A.P.I.)",Canada,United States,Illinois,2.71E+09,5370713,Volume in cubic metres
2021-10-01,"2709.00.10 - Petroleum & bituminous min oils, crude, relative density >= 0.9042 (< 25°A.P.I.)",Canada,United States,Montana,2.05E+08,419014,Volume in cubic metres
2021-10-01,"2709.00.10 - Petroleum & bituminous min oils, crude, relative density >= 0.9042 (< 25°A.P.I.)",Canada,Hong Kong,N/A,73923184,171816,Volume in cubic metres
2021-10-01,"2709.00.10 - Petroleum & bituminous min oils, crude, relative density >= 0.9042 (< 25°A.P.I.)",Canada,United States,Wyoming,27196701,59836,Volume in cubic metres
2021-11-01,"2709.00.10 - Petroleum & bituminous min oils, crude, relative density >= 0.9042 (< 25°A.P.I.)",Canada,United States,Mississippi,11671389,23722,Volume in cubic metres
2021-11-01,"2709.00.10 - Petroleum & bituminous min oils, crude, relative density >= 0.9042 (< 25°A.P.I.)",Canada,United States,Pennsylvania,1.28E+08,246919,Volume in cubic metres
2021-12-01,"2709.00.10 - Petroleum & bituminous min oils, crude, relative density >= 0.9042 (< 25°A.P.I.)",Canada,United States,Montana,4.48E+08,882626,Volume in cubic metres
2021-12-01,"2709.00.10 - Petroleum & bituminous min oils, crude, relative density >= 0.9042 (< 25°A.P.I.)",Canada,United States,Minnesota,9.00E+08,1930589,Volume in cubic metres
2021-12-01,"2709.00.10 - Petroleum & bituminous min oils, crude, relative density >= 0.9042 (< 25°A.P.I.)",Canada,United States,Illinois,3.85E+09,7211996,Volume in cubic metres
2022-01-01,"2709.00.10 - Petroleum & bituminous min oils, crude, relative density >= 0.9042 (< 25°A.P.I.)",Canada,United States,South Dakota,84316,161,Volume in cubic metres
2022-01-01,"2709.00.10 - Petroleum & bituminous min oils, crude, relative density >= 0.9042 (< 25°A.P.I.)",Canada,United States,Ohio,1.97E+08,351328,Volume in cubic metres
2022-02-01,"2709.00.10 - Petroleum & bituminous min oils, crude, relative density >= 0.9042 (< 25°A.P.I.)",Canada,United States,Illinois,3.26E+09,5674868,Volume in cubic metres
2022-02-01,"2709.00.10 - Petroleum & bituminous min oils, crude, relative density >= 0.9042 (< 25°A.P.I.)",Canada,United States,Mississippi,14734417,30386,Volume in cubic metres
2022-02-01,"2709.00.10 - Petroleum & bituminous min oils, crude, relative density >= 0.9042 (< 25°A.P.I.)",Canada,United States,Michigan,1.34E+08,289930,Volume in cubic metres
2022-04-01,"2709.00.10 - Petroleum & bituminous min oils, crude, relative density >= 0.9042 (< 25°A.P.I.)",Canada,United States,Mississippi,25819050,62175,Volume in cubic metres
2022-04-01,"2709.00.10 - Petroleum & bituminous min oils, crude, relative density >= 0.9042 (< 25°A.P.I.)",Canada,United States,Wyoming,92841988,129124,Volume in cubic metres
2022-04-01,"2709.00.10 - Petroleum & bituminous min oils, crude, relative density >= 0.9042 (< 25°A.P.I.)",Canada,United States,Illinois,4.25E+09,5936077,Volume in cubic metres
2022-05-01,"2709.00.10 - Petroleum & bituminous min oils, crude, relative density >= 0.9042 (< 25°A.P.I.)",Canada,United States,South Dakota,19531,26,Volume in cubic metres
2022-05-01,"2709.00.10 - Petroleum & bituminous min oils, crude, relative density >= 0.9042 (< 25°A.P.I.)",Canada,United States,Mississippi,26048537,32174,Volume in cubic metres
2022-06-01,"2709.00.10 - Petroleum & bituminous min oils, crude, relative density >= 0.9042 (< 25°A.P.I.)",Canada,United States,California,68007108,70775,Volume in cubic metres
2022-06-01,"2709.00.10 - Petroleum & bituminous min oils, crude, relative density >= 0.9042 (< 25°A.P.I.)",Canada,United States,New York,67695057,87040,Volume in cubic metres
2022-06-01,"2709.00.10 - Petroleum & bituminous min oils, crude, relative density >= 0.9042 (< 25°A.P.I.)",Canada,United States,Colorado,4.45E+08,537461,Volume in cubic metres
2022-07-01,"2709.00.10 - Petroleum & bituminous min oils, crude, relative density >= 0.9042 (< 25°A.P.I.)",Canada,United States,Oklahoma,9.15E+08,1161753,Volume in cubic metres
2022-08-01,"2709.00.10 - Petroleum & bituminous min oils, crude, relative density >= 0.9042 (< 25°A.P.I.)",Canada,United States,North Dakota,32024786,46925,Volume in cubic metres
2022-08-01,"2709.00.10 - Petroleum & bituminous min oils, crude, relative density >= 0.9042 (< 25°A.P.I.)",Canada,Germany,N/A,89668213,106470,Volume in cubic metres
2022-08-01,"2709.00.10 - Petroleum & bituminous min oils, crude, relative density >= 0.9042 (< 25°A.P.I.)",Canada,United States,Louisiana,2.54E+08,285165,Volume in cubic metres
2022-09-01,"2709.00.10 - Petroleum & bituminous min oils, crude, relative density >= 0.9042 (< 25°A.P.I.)",Canada,United States,Illinois,5.12E+09,7253623,Volume in cubic metres
2022-09-01,"2709.00.10 - Petroleum & bituminous min oils, crude, relative density >= 0.9042 (< 25°A.P.I.)",Canada,United States,California,62694049,90735,Volume in cubic metres
2022-09-01,"2709.00.10 - Petroleum & bituminous min oils, crude, relative density >= 0.9042 (< 25°A.P.I.)",Canada,United States,North Dakota,21425360,35462,Volume in cubic metres
2022-10-01,"2709.00.10 - Petroleum & bituminous min oils, crude, relative density >= 0.9042 (< 25°A.P.I.)",Canada,United States,South Dakota,260166,473,Volume in cubic metres
2022-10-01,"2709.00.10 - Petroleum & bituminous min oils, crude, relative density >= 0.9042 (< 25°A.P.I.)",Canada,United States,Washington,1.82E+08,278339,Volume in cubic metres
2022-10-01,"2709.00.10 - Petroleum & bituminous min oils, crude, relative density >= 0.9042 (< 25°A.P.I.)",Canada,United States,Louisiana,1.88E+08,228660,Volume in cubic metres
2022-11-01,"2709.00.10 - Petroleum & bituminous min oils, crude, relative density >= 0.9042 (< 25°A.P.I.)",Canada,United States,Oklahoma,8.14E+08,1338466,Volume in cubic metres
2022-11-01,"2709.00.10 - Petroleum & bituminous min oils, crude, relative density >= 0.9042 (< 25°A.P.I.)",Canada,United States,Montana,4.33E+08,747684,Volume in cubic metres
2022-11-01,"2709.00.10 - Petroleum & bituminous min oils, crude, relative density >= 0.9042 (< 25°A.P.I.)",Canada,Brazil,N/A,70883,100,Volume in cubic metres
2023-01-01,"2709.00.10 - Petroleum & bituminous min oils, crude, relative density >= 0.9042 (< 25°A.P.I.)",Canada,United States,Oklahoma,6.00E+08,1225809,Volume in cubic metres
2023-01-01,"2709.00.10 - Petroleum & bituminous min oils, crude, relative density >= 0.9042 (< 25°A.P.I.)",Canada,United States,Washington,45728659,99069,Volume in cubic metres
2023-02-01,"2709.00.10 - Petroleum & bituminous min oils, crude, relative density >= 0.9042 (< 25°A.P.I.)",Canada,United States,Colorado,2.72E+08,552068,Volume in cubic metres
2023-02-01,"2709.00.10 - Petroleum & bituminous min oils, crude, relative density >= 0.9042 (< 25°A.P.I.)",Canada,United States,California,65054109,90919,Volume in cubic metres
2023-03-01,"2709.00.10 - Petroleum & bituminous min oils, crude, relative density >= 0.9042 (< 25°A.P.I.)",Canada,United States,Louisiana,66165373,89330,Volume in cubic metres
2023-04-01,"2709.00.10 - Petroleum & bituminous min oils, crude, relative density >= 0.9042 (< 25°A.P.I.)",Canada,United States,Michigan,1.88E+08,431545,Volume in cubic metres
2023-04-01,"2709.00.10 - Petroleum & bituminous min oils, crude, relative density >= 0.9042 (< 25°A.P.I.)",Canada,United States,Minnesota,6.56E+08,1227341,Volume in cubic metres
2023-06-01,"2709.00.10 - Petroleum & bituminous min oils, crude, relative density >= 0.9042 (< 25°A.P.I.)",Canada,United States,Colorado,2.94E+08,534824,Volume in cubic metres
2023-07-01,"2709.00.10 - Petroleum & bituminous min oils, crude, relative density >= 0.9042 (< 25°A.P.I.)",Canada,United States,Colorado,2.31E+08,417303,Volume in cubic metres
2023-07-01,"2709.00.10 - Petroleum & bituminous min oils, crude, relative density >= 0.9042 (< 25°A.P.I.)",Canada,United States,Michigan,1.60E+08,324192,Volume in cubic metres
2023-08-01,"2709.00.10 - Petroleum & bituminous min oils, crude, relative density >= 0.9042 (< 25°A.P.I.)",Canada,United States,Missouri,38706806,63702,Volume in cubic metres
2023-08-01,"2709.00.10 - Petroleum & bituminous min oils, crude, relative density >= 0.9042 (< 25°A.P.I.)",Canada,United States,Mississippi,93130238,146032,Volume in cubic metres
2023-08-01,"2709.00.10 - Petroleum & bituminous min oils, crude, relative density >= 0.9042 (< 25°A.P.I.)",Canada,United States,South Dakota,56271,87,Volume in cubic metres
2023-08-01,"2709.00.10 - Petroleum & bituminous min oils, crude, relative density >= 0.9042 (< 25°A.P.I.)",Canada,United States,Montana,5.04E+08,861528,Volume in cubic metres
2023-09-01,"2709.00.10 - Petroleum & bituminous min oils, crude, relative density >= 0.9042 (< 25°A.P.I.)",Canada,United States,Texas,8.67E+08,1234751,Volume in cubic metres
2023-09-01,"2709.00.10 - Petroleum & bituminous min oils, crude, relative density >= 0.9042 (< 25°A.P.I.)",Canada,United States,California,32615046,43354,Volume in cubic metres
2023-09-01,"2709.00.10 - Petroleum & bituminous min oils, crude, relative density >= 0.9042 (< 25°A.P.I.)",Canada,United States,Montana,3.97E+08,652961,Volume in cubic metres
2023-10-01,"2709.00.10 - Petroleum & bituminous min oils, crude, relative density >= 0.9042 (< 25°A.P.I.)",Canada,United States,Wyoming,4920202,8038,Volume in cubic metres
2023-10-01,"2709.00.10 - Petroleum & bituminous min oils, crude, relative density >= 0.9042 (< 25°A.P.I.)",Canada,United States,Montana,4.94E+08,773031,Volume in cubic metres
2023-11-01,"2709.00.10 - Petroleum & bituminous min oils, crude, relative density >= 0.9042 (< 25°A.P.I.)",Canada,United Kingdom,N/A,74556054,107264,Volume in cubic metres
2023-12-01,"2709.00.10 - Petroleum & bituminous min oils, crude, relative density >= 0.9042 (< 25°A.P.I.)",Canada,United States,Texas,7.40E+08,1204235,Volume in cubic metres
2023-12-01,"2709.00.10 - Petroleum & bituminous min oils, crude, relative density >= 0.9042 (< 25°A.P.I.)",Canada,United States,Oklahoma,8.96E+08,1734235,Volume in cubic metres
2023-12-01,"2709.00.10 - Petroleum & bituminous min oils, crude, relative density >= 0.9042 (< 25°A.P.I.)",Canada,United States,Colorado,3.68E+08,691745,Volume in cubic metres
2023-12-01,"2709.00.10 - Petroleum & bituminous min oils, crude, relative density >= 0.9042 (< 25°A.P.I.)",Canada,United States,Delaware,50322487,106109,Volume in cubic metres
2024-01-01,"2709.00.10 - Petroleum & bituminous min oils, crude, relative density >= 0.9042 (< 25°A.P.I.)",Canada,United States,North Dakota,21162614,54144,Volume in cubic metres
2024-01-01,"2709.00.10 - Petroleum & bituminous min oils, crude, relative density >= 0.9042 (< 25°A.P.I.)",Canada,United States,South Dakota,142799,285,Volume in cubic metres
2024-01-01,"2709.00.10 - Petroleum & bituminous min oils, crude, relative density >= 0.9042 (< 25°A.P.I.)",Canada,United States,Texas,8.66E+08,1511679,Volume in cubic metres
2024-02-01,"2709.00.10 - Petroleum & bituminous min oils, crude, relative density >= 0.9042 (< 25°A.P.I.)",Canada,United States,Montana,3.16E+08,641368,Volume in cubic metres
2024-02-01,"2709.00.10 - Petroleum & bituminous min oils, crude, relative density >= 0.9042 (< 25°A.P.I.)",Canada,United States,Pennsylvania,1.04E+08,217644,Volume in cubic metres
2024-02-01,"2709.00.10 - Petroleum & bituminous min oils, crude, relative density >= 0.9042 (< 25°A.P.I.)",Canada,United States,California,60037411,90654,Volume in cubic metres
2024-02-01,"2709.00.10 - Petroleum & bituminous min oils, crude, relative density >= 0.9042 (< 25°A.P.I.)",Canada,United States,Texas,7.32E+08,1173075,Volume in cubic metres
2024-02-01,"2709.00.10 - Petroleum & bituminous min oils, crude, relative density >= 0.9042 (< 25°A.P.I.)",Canada,United States,Alabama,143902,271,Volume in cubic metres
2024-04-01,"2709.00.10 - Petroleum & bituminous min oils, crude, relative density >= 0.9042 (< 25°A.P.I.)",Canada,United States,North Dakota,27478723,51840,Volume in cubic metres
2024-04-01,"2709.00.10 - Petroleum & bituminous min oils, crude, relative density >= 0.9042 (< 25°A.P.I.)",Canada,United States,Delaware,53531247,91463,Volume in cubic metres
2024-05-01,"2709.00.10 - Petroleum & bituminous min oils, crude, relative density >= 0.9042 (< 25°A.P.I.)",Canada,United States,North Dakota,33583210,56756,Volume in cubic metres
2024-05-01,"2709.00.10 - Petroleum & bituminous min oils, crude, relative density >= 0.9042 (< 25°A.P.I.)",Canada,United States,Missouri,46892356,80086,Volume in cubic metres
2024-06-01,"2709.00.10 - Petroleum & bituminous min oils, crude, relative density >= 0.9042 (< 25°A.P.I.)",Canada,United States,North Carolina,15988,25,Volume in cubic metres
2024-06-01,"2709.00.10 - Petroleum & bituminous min oils, crude, relative density >= 0.9042 (< 25°A.P.I.)",Canada,United States,Ohio,1.81E+08,274647,Volume in cubic metres
2024-07-01,"2709.00.10 - Petroleum & bituminous min oils, crude, relative density >= 0.9042 (< 25°A.P.I.)",Canada,Netherlands,N/A,77795848,106231,Volume in cubic metres
2024-07-01,"2709.00.10 - Petroleum & bituminous min oils, crude, relative density >= 0.9042 (< 25°A.P.I.)",Canada,United States,Washington,1.25E+08,175669,Volume in cubic metres
2024-07-01,"2709.00.10 - Petroleum & bituminous min oils, crude, relative density >= 0.9042 (< 25°A.P.I.)",Canada,United States,Texas,9.20E+08,1324825,Volume in cubic metres
2024-08-01,"2709.00.10 - Petroleum & bituminous min oils, crude, relative density >= 0.9042 (< 25°A.P.I.)",Canada,United States,Pennsylvania,1.04E+08,179613,Volume in cubic metres
2024-08-01,"2709.00.10 - Petroleum & bituminous min oils, crude, relative density >= 0.9042 (< 25°A.P.I.)",Canada,United States,District of Columbia,10600772,20366,Volume in cubic metres
2024-08-01,"2709.00.10 - Petroleum & bituminous min oils, crude, relative density >= 0.9042 (< 25°A.P.I.)",Canada,United States,Montana,3.38E+08,562423,Volume in cubic metres
2024-09-01,"2709.00.10 - Petroleum & bituminous min oils, crude, relative density >= 0.9042 (< 25°A.P.I.)",Canada,United States,California,1.00E+08,174272,Volume in cubic metres
2024-09-01,"2709.00.10 - Petroleum & bituminous min oils, crude, relative density >= 0.9042 (< 25°A.P.I.)",Canada,United States,Pennsylvania,92547333,166395,Volume in cubic metres
2024-10-01,"2709.00.10 - Petroleum & bituminous min oils, crude, relative density >= 0.9042 (< 25°A.P.I.)",Canada,United States,North Dakota,31160557,62044,Volume in cubic metres
2024-10-01,"2709.00.10 - Petroleum & bituminous min oils, crude, relative density >= 0.9042 (< 25°A.P.I.)",Canada,China,N/A,6.54E+08,1149516,Volume in cubic metres
2024-10-01,"2709.00.10 - Petroleum & bituminous min oils, crude, relative density >= 0.9042 (< 25°A.P.I.)",Canada,United States,Ohio,1.72E+08,284217,Volume in cubic metres
2024-10-01,"2709.00.10 - Petroleum & bituminous min oils, crude, relative density >= 0.9042 (< 25°A.P.I.)",Canada,United States,California,2.16E+08,380059,Volume in cubic metres
2024-10-01,"2709.00.10 - Petroleum & bituminous min oils, crude, relative density >= 0.9042 (< 25°A.P.I.)",Canada,United States,Michigan,59670943,108147,Volume in cubic metres
2024-11-01,"2709.00.10 - Petroleum & bituminous min oils, crude, relative density >= 0.9042 (< 25°A.P.I.)",Canada,Netherlands,N/A,70589542,106521,Volume in cubic metres
2025-01-01,"2709.00.10 - Petroleum & bituminous min oils, crude, relative density >= 0.9042 (< 25°A.P.I.)",Canada,United States,Washington,2.01E+08,322576,Volume in cubic metres
2024-12-01,"2709.00.10 - Petroleum & bituminous min oils, crude, relative density >= 0.9042 (< 25°A.P.I.)",Canada,Germany,N/A,9655,13,Volume in cubic metres
2024-12-01,"2709.00.10 - Petroleum & bituminous min oils, crude, relative density >= 0.9042 (< 25°A.P.I.)",Canada,United States,Delaware,49194655,91510,Volume in cubic metres
2024-12-01,"2709.00.10 - Petroleum & bituminous min oils, crude, relative density >= 0.9042 (< 25°A.P.I.)",Canada,United States,Colorado,3.05E+08,539776,Volume in cubic metres
2024-12-01,"2709.00.10 - Petroleum & bituminous min oils, crude, relative density >= 0.9042 (< 25°A.P.I.)",Canada,United States,Montana,4.48E+08,817659,Volume in cubic metres
2025-01-01,"2709.00.10 - Petroleum & bituminous min oils, crude, relative density >= 0.9042 (< 25°A.P.I.)",Canada,United States,Louisiana,57146333,86684,Volume in cubic metres
2025-02-01,"2709.00.10 - Petroleum & bituminous min oils, crude, relative density >= 0.9042 (< 25°A.P.I.)",Canada,Netherlands,N/A,67088851,101752,Volume in cubic metres
2025-02-01,"2709.00.10 - Petroleum & bituminous min oils, crude, relative density >= 0.9042 (< 25°A.P.I.)",Canada,United States,Mississippi,7281334,11635,Volume in cubic metres
2025-02-01,"2709.00.10 - Petroleum & bituminous min oils, crude, relative density >= 0.9042 (< 25°A.P.I.)",Canada,United States,Montana,2.63E+08,456531,Volume in cubic metres
2025-03-01,"2709.00.10 - Petroleum & bituminous min oils, crude, relative density >= 0.9042 (< 25°A.P.I.)",Canada,Hong Kong,N/A,2.61E+08,467466,Volume in cubic metres
2025-03-01,"2709.00.10 - Petroleum & bituminous min oils, crude, relative density >= 0.9042 (< 25°A.P.I.)",Canada,United States,Alabama,15263311,27800,Volume in cubic metres
2025-01-01,"2709.00.10 - Petroleum & bituminous min oils, crude, relative density >= 0.9042 (< 25°A.P.I.)",Canada,United States,Pennsylvania,1.22E+08,233548,Volume in cubic metres
2025-03-01,"2709.00.10 - Petroleum & bituminous min oils, crude, relative density >= 0.9042 (< 25°A.P.I.)",Canada,United States,Oklahoma,8.65E+08,1480464,Volume in cubic metres
2025-04-01,"2709.00.10 - Petroleum & bituminous min oils, crude, relative density >= 0.9042 (< 25°A.P.I.)",Canada,United States,Louisiana,57736187,110290,Volume in cubic metres
2025-05-01,"2709.00.10 - Petroleum & bituminous min oils, crude, relative density >= 0.9042 (< 25°A.P.I.)",Canada,United States,Montana,3.87E+08,776287,Volume in cubic metres
2025-05-01,"2709.00.10 - Petroleum & bituminous min oils, crude, relative density >= 0.9042 (< 25°A.P.I.)",Canada,United States,Alabama,13037082,24645,Volume in cubic metres
2025-05-01,"2709.00.10 - Petroleum & bituminous min oils, crude, relative density >= 0.9042 (< 25°A.P.I.)",Canada,China,N/A,3.73E+08,733289,Volume in cubic metres
2025-06-01,"2709.00.10 - Petroleum & bituminous min oils, crude, relative density >= 0.9042 (< 25°A.P.I.)",Canada,United States,Delaware,27091429,45536,Volume in cubic metres
2025-06-01,"2709.00.10 - Petroleum & bituminous min oils, crude, relative density >= 0.9042 (< 25°A.P.I.)",Canada,United States,Mississippi,15710380,30349,Volume in cubic metres
2025-06-01,"2709.00.10 - Petroleum & bituminous min oils, crude, relative density >= 0.9042 (< 25°A.P.I.)",Canada,United States,Illinois,4.02E+09,7710463,Volume in cubic metres
2025-06-01,"2709.00.10 - Petroleum & bituminous min oils, crude, relative density >= 0.9042 (< 25°A.P.I.)",Canada,Netherlands,N/A,61198260,101752,Volume in cubic metres
2025-07-01,"2709.00.10 - Petroleum & bituminous min oils, crude, relative density >= 0.9042 (< 25°A.P.I.)",Canada,China,N/A,3.60E+08,652612,Volume in cubic metres
2025-07-01,"2709.00.10 - Petroleum & bituminous min oils, crude, relative density >= 0.9042 (< 25°A.P.I.)",Canada,United States,Illinois,4.15E+09,7890680,Volume in cubic metres
2025-04-01,"2709.00.10 - Petroleum & bituminous min oils, crude, relative density >= 0.9042 (< 25°A.P.I.)",Canada,United States,District of Columbia,19096484,40038,Volume in cubic metres
2025-04-01,"2709.00.10 - Petroleum & bituminous min oils, crude, relative density >= 0.9042 (< 25°A.P.I.)",Canada,United States,Colorado,4.00E+08,749441,Volume in cubic metres
2025-04-01,"2709.00.10 - Petroleum & bituminous min oils, crude, relative density >= 0.9042 (< 25°A.P.I.)",Canada,United States,Illinois,4.01E+09,7021589,Volume in cubic metres
2025-04-01,"2709.00.10 - Petroleum & bituminous min oils, crude, relative density >= 0.9042 (< 25°A.P.I.)",Canada,United States,Ohio,2.23E+08,356419,Volume in cubic metres
2025-05-01,"2709.00.10 - Petroleum & bituminous min oils, crude, relative density >= 0.9042 (< 25°A.P.I.)",Canada,United States,Washington,1.09E+08,209102,Volume in cubic metres
2025-05-01,"2709.00.10 - Petroleum & bituminous min oils, crude, relative density >= 0.9042 (< 25°A.P.I.)",Canada,United States,Texas,5.35E+08,931469,Volume in cubic metres
2025-05-01,"2709.00.10 - Petroleum & bituminous min oils, crude, relative density >= 0.9042 (< 25°A.P.I.)",Canada,"Korea, South",N/A,91438625,178463,Volume in cubic metres
2025-07-01,"2709.00.10 - Petroleum & bituminous min oils, crude, relative density >= 0.9042 (< 25°A.P.I.)",Canada,United States,Oklahoma,9.06E+08,1620630,Volume in cubic metres
2025-07-01,"2709.00.10 - Petroleum & bituminous min oils, crude, relative density >= 0.9042 (< 25°A.P.I.)",Canada,United States,North Dakota,25639654,50630,Volume in cubic metres
2025-07-01,"2709.00.10 - Petroleum & bituminous min oils, crude, relative density >= 0.9042 (< 25°A.P.I.)",Canada,United States,Ohio,1.84E+08,308952,Volume in cubic metres
2025-07-01,"2709.00.10 - Petroleum & bituminous min oils, crude, relative density >= 0.9042 (< 25°A.P.I.)",Canada,United States,Pennsylvania,1.14E+08,239914,Volume in cubic metres
2025-07-01,"2709.00.10 - Petroleum & bituminous min oils, crude, relative density >= 0.9042 (< 25°A.P.I.)",Canada,United States,Texas,8.31E+08,1404788,Volume in cubic metres
2025-07-01,"2709.00.10 - Petroleum & bituminous min oils, crude, relative density >= 0.9042 (< 25°A.P.I.)",Canada,United States,Wyoming,505706,935,Volume in cubic metres
2025-08-01,"2709.00.10 - Petroleum & bituminous min oils, crude, relative density >= 0.9042 (< 25°A.P.I.)",Canada,United States,Missouri,7232171,16133,Volume in cubic metres
2025-09-01,"2709.00.10 - Petroleum & bituminous min oils, crude, relative density >= 0.9042 (< 25°A.P.I.)",Canada,United States,Oklahoma,8.90E+08,1664564,Volume in cubic metres
2025-09-01,"2709.00.10 - Petroleum & bituminous min oils, crude, relative density >= 0.9042 (< 25°A.P.I.)",Canada,United Kingdom,N/A,62863333,106033,Volume in cubic metres
2025-11-01,"2709.00.10 - Petroleum & bituminous min oils, crude, relative density >= 0.9042 (< 25°A.P.I.)",Canada,United States,Montana,1.91E+08,418977,Volume in cubic metres
2025-12-01,"2709.00.10 - Petroleum & bituminous min oils, crude, relative density >= 0.9042 (< 25°A.P.I.)",Canada,"Korea, South",N/A,48307000,86648,Volume in cubic metres
2025-10-01,"2709.00.10 - Petroleum & bituminous min oils, crude, relative density >= 0.9042 (< 25°A.P.I.)",Canada,United States,Washington,1.85E+08,323071,Volume in cubic metres
2025-10-01,"2709.00.10 - Petroleum & bituminous min oils, crude, relative density >= 0.9042 (< 25°A.P.I.)",Canada,United States,California,55998330,100158,Volume in cubic metres
2025-10-01,"2709.00.10 - Petroleum & bituminous min oils, crude, relative density >= 0.9042 (< 25°A.P.I.)",Canada,United States,North Dakota,26538069,56740,Volume in cubic metres
2025-10-01,"2709.00.10 - Petroleum & bituminous min oils, crude, relative density >= 0.9042 (< 25°A.P.I.)",Canada,China,N/A,1.28E+09,2386631,Volume in cubic metres
2025-10-01,"2709.00.10 - Petroleum & bituminous min oils, crude, relative density >= 0.9042 (< 25°A.P.I.)",Canada,United States,Illinois,4.09E+09,7911174,Volume in cubic metres
2025-11-01,"2709.00.10 - Petroleum & bituminous min oils, crude, relative density >= 0.9042 (< 25°A.P.I.)",Canada,United States,Texas,4.87E+08,886603,Volume in cubic metres
2025-11-01,"2709.00.10 - Petroleum & bituminous min oils, crude, relative density >= 0.9042 (< 25°A.P.I.)",Canada,United States,Minnesota,6.68E+08,1394238,Volume in cubic metres
2025-12-01,"2709.00.10 - Petroleum & bituminous min oils, crude, relative density >= 0.9042 (< 25°A.P.I.)",Canada,United States,Louisiana,52884157,111998,Volume in cubic metres
2025-12-01,"2709.00.10 - Petroleum & bituminous min oils, crude, relative density >= 0.9042 (< 25°A.P.I.)",Canada,United States,Texas,6.19E+08,1152677,Volume in cubic metres
2026-02-01,"2709.00.10 - Petroleum & bituminous min oils, crude, relative density >= 0.9042 (< 25°A.P.I.)",Canada,Panama,N/A,60287156,116421,Volume in cubic metres
2026-02-01,"2709.00.10 - Petroleum & bituminous min oils, crude, relative density >= 0.9042 (< 25°A.P.I.)",Canada,United States,South Dakota,156368,347,Volume in cubic metres
2026-01-01,"2709.00.10 - Petroleum & bituminous min oils, crude, relative density >= 0.9042 (< 25°A.P.I.)",Canada,China,N/A,7.31E+08,1488408,Volume in cubic metres
2026-02-01,"2709.00.10 - Petroleum & bituminous min oils, crude, relative density >= 0.9042 (< 25°A.P.I.)",Canada,Spain,N/A,69140745,116855,Volume in cubic metres
2026-02-01,"2709.00.10 - Petroleum & bituminous min oils, crude, relative density >= 0.9042 (< 25°A.P.I.)",Canada,United States,Wyoming,1024351,2282,Volume in cubic metres
2026-04-01,"2709.00.10 - Petroleum & bituminous min oils, crude, relative density >= 0.9042 (< 25°A.P.I.)",Canada,United States,Mississippi,6696838,12399,Volume in cubic metres
2026-04-01,"2709.00.10 - Petroleum & bituminous min oils, crude, relative density >= 0.9042 (< 25°A.P.I.)",Canada,United States,Ohio,3.16E+08,397588,Volume in cubic metres
2026-05-01,"2709.00.10 - Petroleum & bituminous min oils, crude, relative density >= 0.9042 (< 25°A.P.I.)",Canada,United States,Michigan,2.38E+08,355621,Volume in cubic metres
2026-06-01,"2709.00.10 - Petroleum & bituminous min oils, crude, relative density >= 0.9042 (< 25°A.P.I.)",Canada,"Korea, South",N/A,1.40E+08,175447,Volume in cubic metres
2026-06-01,"2709.00.10 - Petroleum & bituminous min oils, crude, relative density >= 0.9042 (< 25°A.P.I.)",Canada,Netherlands,N/A,286408,318,Volume in cubic metres
2026-06-01,"2709.00.10 - Petroleum & bituminous min oils, crude, relative density >= 0.9042 (< 25°A.P.I.)",Canada,United States,California,73378320,87193,Volume in cubic metres
2026-03-01,"2709.00.10 - Petroleum & bituminous min oils, crude, relative density >= 0.9042 (< 25°A.P.I.)",Canada,United States,Michigan,1.71E+08,420099,Volume in cubic metres
2026-04-01,"2709.00.10 - Petroleum & bituminous min oils, crude, relative density >= 0.9042 (< 25°A.P.I.)",Canada,United States,Louisiana,91433290,111850,Volume in cubic metres
2026-04-01,"2709.00.10 - Petroleum & bituminous min oils, crude, relative density >= 0.9042 (< 25°A.P.I.)",Canada,United States,Delaware,18276281,18314,Volume in cubic metres
2026-06-01,"2709.00.10 - Petroleum & bituminous min oils, crude, relative density >= 0.9042 (< 25°A.P.I.)",Canada,United States,Washington,1.89E+08,240086,Volume in cubic metres
2021-07-01,"2709.00.10 - Petroleum & bituminous min oils, crude, relative density >= 0.9042 (< 25°A.P.I.)",Canada,United States,North Dakota,12585814,25055,Volume in cubic metres
2021-08-01,"2709.00.10 - Petroleum & bituminous min oils, crude, relative density >= 0.9042 (< 25°A.P.I.)",Canada,United States,Washington,35081891,68559,Volume in cubic metres
2021-06-01,"2709.00.10 - Petroleum & bituminous min oils, crude, relative density >= 0.9042 (< 25°A.P.I.)",Canada,United States,New York,3370303,9606,Volume in cubic metres
2021-06-01,"2709.00.10 - Petroleum & bituminous min oils, crude, relative density >= 0.9042 (< 25°A.P.I.)",Canada,United States,Montana,2.83E+08,684447,Volume in cubic metres
2021-07-01,"2709.00.10 - Petroleum & bituminous min oils, crude, relative density >= 0.9042 (< 25°A.P.I.)",Canada,United States,Missouri,3.61E+08,768771,Volume in cubic metres
2021-07-01,"2709.00.10 - Petroleum & bituminous min oils, crude, relative density >= 0.9042 (< 25°A.P.I.)",Canada,United States,Montana,3.77E+08,804631,Volume in cubic metres
2021-07-01,"2709.00.10 - Petroleum & bituminous min oils, crude, relative density >= 0.9042 (< 25°A.P.I.)",Canada,United States,Pennsylvania,83201507,185630,Volume in cubic metres
2021-07-01,"2709.00.10 - Petroleum & bituminous min oils, crude, relative density >= 0.9042 (< 25°A.P.I.)",Canada,United States,Louisiana,1.19E+08,201118,Volume in cubic metres
2021-07-01,"2709.00.10 - Petroleum & bituminous min oils, crude, relative density >= 0.9042 (< 25°A.P.I.)",Canada,United States,Mississippi,11094096,27113,Volume in cubic metres
2021-07-01,"2709.00.10 - Petroleum & bituminous min oils, crude, relative density >= 0.9042 (< 25°A.P.I.)",Canada,United States,Washington,41225152,78314,Volume in cubic metres
2021-07-01,"2709.00.10 - Petroleum & bituminous min oils, crude, relative density >= 0.9042 (< 25°A.P.I.)",Canada,United States,Colorado,2.31E+08,470039,Volume in cubic metres
2021-08-01,"2709.00.10 - Petroleum & bituminous min oils, crude, relative density >= 0.9042 (< 25°A.P.I.)",Canada,Saint Pierre and Miquelon,N/A,152,0,Volume in cubic metres
2021-08-01,"2709.00.10 - Petroleum & bituminous min oils, crude, relative density >= 0.9042 (< 25°A.P.I.)",Canada,United States,Mississippi,10642959,24888,Volume in cubic metres
2021-09-01,"2709.00.10 - Petroleum & bituminous min oils, crude, relative density >= 0.9042 (< 25°A.P.I.)",Canada,Italy,N/A,63770609,100015,Volume in cubic metres
2021-09-01,"2709.00.10 - Petroleum & bituminous min oils, crude, relative density >= 0.9042 (< 25°A.P.I.)",Canada,United States,Alabama,37656121,63381,Volume in cubic metres
2021-09-01,"2709.00.10 - Petroleum & bituminous min oils, crude, relative density >= 0.9042 (< 25°A.P.I.)",Canada,United States,Ohio,1.05E+08,206936,Volume in cubic metres
2021-10-01,"2709.00.10 - Petroleum & bituminous min oils, crude, relative density >= 0.9042 (< 25°A.P.I.)",Canada,United States,Louisiana,57623470,87789,Volume in cubic metres
2021-10-01,"2709.00.10 - Petroleum & bituminous min oils, crude, relative density >= 0.9042 (< 25°A.P.I.)",Canada,United States,Pennsylvania,87597009,194587,Volume in cubic metres
2021-10-01,"2709.00.10 - Petroleum & bituminous min oils, crude, relative density >= 0.9042 (< 25°A.P.I.)",Canada,United States,Texas,9.02E+08,1518954,Volume in cubic metres
2021-10-01,"2709.00.10 - Petroleum & bituminous min oils, crude, relative density >= 0.9042 (< 25°A.P.I.)",Canada,United States,North Dakota,4027985,7719,Volume in cubic metres
2021-11-01,"2709.00.10 - Petroleum & bituminous min oils, crude, relative density >= 0.9042 (< 25°A.P.I.)",Canada,United States,California,95544903,145236,Volume in cubic metres
2021-12-01,"2709.00.10 - Petroleum & bituminous min oils, crude, relative density >= 0.9042 (< 25°A.P.I.)",Canada,United States,South Dakota,12155,28,Volume in cubic metres
2021-12-01,"2709.00.10 - Petroleum & bituminous min oils, crude, relative density >= 0.9042 (< 25°A.P.I.)",Canada,United States,Alabama,47980122,82869,Volume in cubic metres
2022-01-01,"2709.00.10 - Petroleum & bituminous min oils, crude, relative density >= 0.9042 (< 25°A.P.I.)",Canada,United States,Louisiana,35056879,75323,Volume in cubic metres
2021-12-01,"2709.00.10 - Petroleum & bituminous min oils, crude, relative density >= 0.9042 (< 25°A.P.I.)",Canada,United States,Louisiana,41502461,75531,Volume in cubic metres
2022-01-01,"2709.00.10 - Petroleum & bituminous min oils, crude, relative density >= 0.9042 (< 25°A.P.I.)",Canada,United States,Washington,24222853,48742,Volume in cubic metres
2022-01-01,"2709.00.10 - Petroleum & bituminous min oils, crude, relative density >= 0.9042 (< 25°A.P.I.)",Canada,United States,North Dakota,3309697,5898,Volume in cubic metres
2022-01-01,"2709.00.10 - Petroleum & bituminous min oils, crude, relative density >= 0.9042 (< 25°A.P.I.)",Canada,United States,Delaware,1.10E+08,190746,Volume in cubic metres
2022-03-01,"2709.00.10 - Petroleum & bituminous min oils, crude, relative density >= 0.9042 (< 25°A.P.I.)",Canada,United States,Washington,1.18E+08,151926,Volume in cubic metres
2022-03-01,"2709.00.10 - Petroleum & bituminous min oils, crude, relative density >= 0.9042 (< 25°A.P.I.)",Canada,United States,Ohio,2.45E+08,445400,Volume in cubic metres
2022-04-01,"2709.00.10 - Petroleum & bituminous min oils, crude, relative density >= 0.9042 (< 25°A.P.I.)",Canada,United States,Alabama,7686157,18544,Volume in cubic metres
2022-06-01,"2709.00.10 - Petroleum & bituminous min oils, crude, relative density >= 0.9042 (< 25°A.P.I.)",Canada,United States,Michigan,4.54E+08,613711,Volume in cubic metres
2022-05-01,"2709.00.10 - Petroleum & bituminous min oils, crude, relative density >= 0.9042 (< 25°A.P.I.)",Canada,United States,Illinois,5.06E+09,6459956,Volume in cubic metres
2022-06-01,"2709.00.10 - Petroleum & bituminous min oils, crude, relative density >= 0.9042 (< 25°A.P.I.)",Canada,United States,Washington,1.16E+08,126510,Volume in cubic metres
2022-06-01,"2709.00.10 - Petroleum & bituminous min oils, crude, relative density >= 0.9042 (< 25°A.P.I.)",Canada,Germany,N/A,71167479,73750,Volume in cubic metres
2022-06-01,"2709.00.10 - Petroleum & bituminous min oils, crude, relative density >= 0.9042 (< 25°A.P.I.)",Canada,United States,Illinois,4.90E+09,6152299,Volume in cubic metres
2022-08-01,"2709.00.10 - Petroleum & bituminous min oils, crude, relative density >= 0.9042 (< 25°A.P.I.)",Canada,United States,Oklahoma,1.06E+09,1528968,Volume in cubic metres
2022-08-01,"2709.00.10 - Petroleum & bituminous min oils, crude, relative density >= 0.9042 (< 25°A.P.I.)",Canada,United States,Washington,1.21E+08,196426,Volume in cubic metres
2022-08-01,"2709.00.10 - Petroleum & bituminous min oils, crude, relative density >= 0.9042 (< 25°A.P.I.)",Canada,United States,Michigan,4.04E+08,502159,Volume in cubic metres
2022-08-01,"2709.00.10 - Petroleum & bituminous min oils, crude, relative density >= 0.9042 (< 25°A.P.I.)",Canada,United States,Mississippi,22574349,28250,Volume in cubic metres
2022-09-01,"2709.00.10 - Petroleum & bituminous min oils, crude, relative density >= 0.9042 (< 25°A.P.I.)",Canada,United States,Minnesota,6.74E+08,1089846,Volume in cubic metres
2022-09-01,"2709.00.10 - Petroleum & bituminous min oils, crude, relative density >= 0.9042 (< 25°A.P.I.)",Canada,Hong Kong,N/A,49571986,91036,Volume in cubic metres
2022-09-01,"2709.00.10 - Petroleum & bituminous min oils, crude, relative density >= 0.9042 (< 25°A.P.I.)",Canada,United States,Montana,4.44E+08,645977,Volume in cubic metres
2022-11-01,"2709.00.10 - Petroleum & bituminous min oils, crude, relative density >= 0.9042 (< 25°A.P.I.)",Canada,United States,Kansas,44105385,79865,Volume in cubic metres
2022-11-01,"2709.00.10 - Petroleum & bituminous min oils, crude, relative density >= 0.9042 (< 25°A.P.I.)",Canada,United States,Pennsylvania,1.36E+08,245317,Volume in cubic metres
2022-11-01,"2709.00.10 - Petroleum & bituminous min oils, crude, relative density >= 0.9042 (< 25°A.P.I.)",Canada,United States,Michigan,2.80E+08,503766,Volume in cubic metres
2022-11-01,"2709.00.10 - Petroleum & bituminous min oils, crude, relative density >= 0.9042 (< 25°A.P.I.)",Canada,Spain,N/A,81605681,106470,Volume in cubic metres
2022-12-01,"2709.00.10 - Petroleum & bituminous min oils, crude, relative density >= 0.9042 (< 25°A.P.I.)",Canada,United States,California,56089879,84822,Volume in cubic metres
2022-12-01,"2709.00.10 - Petroleum & bituminous min oils, crude, relative density >= 0.9042 (< 25°A.P.I.)",Canada,United States,Mississippi,19306403,31183,Volume in cubic metres
2022-12-01,"2709.00.10 - Petroleum & bituminous min oils, crude, relative density >= 0.9042 (< 25°A.P.I.)",Canada,United States,Louisiana,96150172,132195,Volume in cubic metres
2023-01-01,"2709.00.10 - Petroleum & bituminous min oils, crude, relative density >= 0.9042 (< 25°A.P.I.)",Canada,United States,Mississippi,75928635,132782,Volume in cubic metres
2023-01-01,"2709.00.10 - Petroleum & bituminous min oils, crude, relative density >= 0.9042 (< 25°A.P.I.)",Canada,United States,South Dakota,228010,491,Volume in cubic metres
2023-01-01,"2709.00.10 - Petroleum & bituminous min oils, crude, relative density >= 0.9042 (< 25°A.P.I.)",Canada,United States,California,30004384,52874,Volume in cubic metres
2023-02-01,"2709.00.10 - Petroleum & bituminous min oils, crude, relative density >= 0.9042 (< 25°A.P.I.)",Canada,United States,New Jersey,8338474,14140,Volume in cubic metres
2023-02-01,"2709.00.10 - Petroleum & bituminous min oils, crude, relative density >= 0.9042 (< 25°A.P.I.)",Canada,United States,Delaware,20137735,44814,Volume in cubic metres
2023-02-01,"2709.00.10 - Petroleum & bituminous min oils, crude, relative density >= 0.9042 (< 25°A.P.I.)",Canada,United States,Montana,3.93E+08,810992,Volume in cubic metres
2023-02-01,"2709.00.10 - Petroleum & bituminous min oils, crude, relative density >= 0.9042 (< 25°A.P.I.)",Canada,United States,Illinois,3.77E+09,7432355,Volume in cubic metres
2023-02-01,"2709.00.10 - Petroleum & bituminous min oils, crude, relative density >= 0.9042 (< 25°A.P.I.)",Canada,United States,Pennsylvania,87865378,209615,Volume in cubic metres
2023-03-01,"2709.00.10 - Petroleum & bituminous min oils, crude, relative density >= 0.9042 (< 25°A.P.I.)",Canada,United States,Missouri,39100194,75030,Volume in cubic metres
2023-04-01,"2709.00.10 - Petroleum & bituminous min oils, crude, relative density >= 0.9042 (< 25°A.P.I.)",Canada,Netherlands,N/A,70935027,102020,Volume in cubic metres
2023-04-01,"2709.00.10 - Petroleum & bituminous min oils, crude, relative density >= 0.9042 (< 25°A.P.I.)",Canada,United States,Pennsylvania,86541261,196007,Volume in cubic metres
2023-04-01,"2709.00.10 - Petroleum & bituminous min oils, crude, relative density >= 0.9042 (< 25°A.P.I.)",Canada,United States,North Dakota,23410034,52022,Volume in cubic metres
2023-05-01,"2709.00.10 - Petroleum & bituminous min oils, crude, relative density >= 0.9042 (< 25°A.P.I.)",Canada,United States,Missouri,52747751,89660,Volume in cubic metres
2023-05-01,"2709.00.10 - Petroleum & bituminous min oils, crude, relative density >= 0.9042 (< 25°A.P.I.)",Canada,United States,Pennsylvania,1.27E+08,251789,Volume in cubic metres
2023-05-01,"2709.00.10 - Petroleum & bituminous min oils, crude, relative density >= 0.9042 (< 25°A.P.I.)",Canada,United States,Michigan,1.87E+08,408559,Volume in cubic metres
2023-06-01,"2709.00.10 - Petroleum & bituminous min oils, crude, relative density >= 0.9042 (< 25°A.P.I.)",Canada,United States,Texas,7.79E+08,1290455,Volume in cubic metres
2023-06-01,"2709.00.10 - Petroleum & bituminous min oils, crude, relative density >= 0.9042 (< 25°A.P.I.)",Canada,Italy,N/A,62402651,102020,Volume in cubic metres
2023-06-01,"2709.00.10 - Petroleum & bituminous min oils, crude, relative density >= 0.9042 (< 25°A.P.I.)",Canada,United States,Pennsylvania,93242656,193321,Volume in cubic metres
2023-06-01,"2709.00.10 - Petroleum & bituminous min oils, crude, relative density >= 0.9042 (< 25°A.P.I.)",Canada,United States,California,1.01E+08,174011,Volume in cubic metres
2023-06-01,"2709.00.10 - Petroleum & bituminous min oils, crude, relative density >= 0.9042 (< 25°A.P.I.)",Canada,United States,District of Columbia,21411620,44365,Volume in cubic metres
2023-07-01,"2709.00.10 - Petroleum & bituminous min oils, crude, relative density >= 0.9042 (< 25°A.P.I.)",Canada,United States,Minnesota,7.31E+08,1394086,Volume in cubic metres
2023-07-01,"2709.00.10 - Petroleum & bituminous min oils, crude, relative density >= 0.9042 (< 25°A.P.I.)",Canada,United States,Texas,7.04E+08,1193441,Volume in cubic metres
2023-07-01,"2709.00.10 - Petroleum & bituminous min oils, crude, relative density >= 0.9042 (< 25°A.P.I.)",Canada,United States,Missouri,80221275,147311,Volume in cubic metres
2023-07-01,"2709.00.10 - Petroleum & bituminous min oils, crude, relative density >= 0.9042 (< 25°A.P.I.)",Canada,United States,Illinois,3.88E+09,7391577,Volume in cubic metres
2023-08-01,"2709.00.10 - Petroleum & bituminous min oils, crude, relative density >= 0.9042 (< 25°A.P.I.)",Canada,United States,New Jersey,10514772,16074,Volume in cubic metres
2023-08-01,"2709.00.10 - Petroleum & bituminous min oils, crude, relative density >= 0.9042 (< 25°A.P.I.)",Canada,United States,Oklahoma,1.10E+09,1862005,Volume in cubic metres
2023-09-01,"2709.00.10 - Petroleum & bituminous min oils, crude, relative density >= 0.9042 (< 25°A.P.I.)",Canada,United States,Pennsylvania,1.05E+08,183249,Volume in cubic metres
2023-09-01,"2709.00.10 - Petroleum & bituminous min oils, crude, relative density >= 0.9042 (< 25°A.P.I.)",Canada,United States,Delaware,34166102,54858,Volume in cubic metres
2023-09-01,"2709.00.10 - Petroleum & bituminous min oils, crude, relative density >= 0.9042 (< 25°A.P.I.)",Canada,United States,Illinois,4.28E+09,7265177,Volume in cubic metres
2023-09-01,"2709.00.10 - Petroleum & bituminous min oils, crude, relative density >= 0.9042 (< 25°A.P.I.)",Canada,United States,Oklahoma,1.00E+09,1543445,Volume in cubic metres
2023-10-01,"2709.00.10 - Petroleum & bituminous min oils, crude, relative density >= 0.9042 (< 25°A.P.I.)",Canada,United States,Oklahoma,8.63E+08,1300138,Volume in cubic metres
2023-10-01,"2709.00.10 - Petroleum & bituminous min oils, crude, relative density >= 0.9042 (< 25°A.P.I.)",Canada,United States,California,36618156,52090,Volume in cubic metres
2023-11-01,"2709.00.10 - Petroleum & bituminous min oils, crude, relative density >= 0.9042 (< 25°A.P.I.)",Canada,United States,Texas,8.49E+08,1214048,Volume in cubic metres
2023-11-01,"2709.00.10 - Petroleum & bituminous min oils, crude, relative density >= 0.9042 (< 25°A.P.I.)",Canada,United States,Michigan,2.57E+08,416764,Volume in cubic metres
2023-11-01,"2709.00.10 - Petroleum & bituminous min oils, crude, relative density >= 0.9042 (< 25°A.P.I.)",Canada,United States,Mississippi,97418973,148812,Volume in cubic metres
2023-11-01,"2709.00.10 - Petroleum & bituminous min oils, crude, relative density >= 0.9042 (< 25°A.P.I.)",Canada,United States,Washington,64599811,97496,Volume in cubic metres
2023-11-01,"2709.00.10 - Petroleum & bituminous min oils, crude, relative density >= 0.9042 (< 25°A.P.I.)",Canada,United States,Ohio,2.20E+08,353757,Volume in cubic metres
2023-11-01,"2709.00.10 - Petroleum & bituminous min oils, crude, relative density >= 0.9042 (< 25°A.P.I.)",Canada,United States,Wyoming,5311787,9979,Volume in cubic metres
2023-12-01,"2709.00.10 - Petroleum & bituminous min oils, crude, relative density >= 0.9042 (< 25°A.P.I.)",Canada,United States,Mississippi,73741263,132805,Volume in cubic metres
2023-12-01,"2709.00.10 - Petroleum & bituminous min oils, crude, relative density >= 0.9042 (< 25°A.P.I.)",Canada,United States,Washington,73136141,116393,Volume in cubic metres
2023-12-01,"2709.00.10 - Petroleum & bituminous min oils, crude, relative density >= 0.9042 (< 25°A.P.I.)",Canada,United States,New Mexico,9226965,19808,Volume in cubic metres
2023-12-01,"2709.00.10 - Petroleum & bituminous min oils, crude, relative density >= 0.9042 (< 25°A.P.I.)",Canada,United States,Louisiana,6381091,10361,Volume in cubic metres
2024-01-01,"2709.00.10 - Petroleum & bituminous min oils, crude, relative density >= 0.9042 (< 25°A.P.I.)",Canada,United States,Washington,60304268,97146,Volume in cubic metres
2024-01-01,"2709.00.10 - Petroleum & bituminous min oils, crude, relative density >= 0.9042 (< 25°A.P.I.)",Canada,United States,Minnesota,8.21E+08,1771742,Volume in cubic metres
2024-01-01,"2709.00.10 - Petroleum & bituminous min oils, crude, relative density >= 0.9042 (< 25°A.P.I.)",Canada,United States,Pennsylvania,96694364,224855,Volume in cubic metres
2024-01-01,"2709.00.10 - Petroleum & bituminous min oils, crude, relative density >= 0.9042 (< 25°A.P.I.)",Canada,United States,Missouri,18822361,48200,Volume in cubic metres
2024-01-01,"2709.00.10 - Petroleum & bituminous min oils, crude, relative density >= 0.9042 (< 25°A.P.I.)",Canada,United States,Colorado,2.91E+08,637112,Volume in cubic metres
2024-02-01,"2709.00.10 - Petroleum & bituminous min oils, crude, relative density >= 0.9042 (< 25°A.P.I.)",Canada,United States,Ohio,1.87E+08,332460,Volume in cubic metres
2024-02-01,"2709.00.10 - Petroleum & bituminous min oils, crude, relative density >= 0.9042 (< 25°A.P.I.)",Canada,United States,Michigan,2.02E+08,447138,Volume in cubic metres
2024-02-01,"2709.00.10 - Petroleum & bituminous min oils, crude, relative density >= 0.9042 (< 25°A.P.I.)",Canada,United States,Wyoming,4480841,10017,Volume in cubic metres
2024-02-01,"2709.00.10 - Petroleum & bituminous min oils, crude, relative density >= 0.9042 (< 25°A.P.I.)",Canada,United States,Delaware,25663920,55005,Volume in cubic metres
2024-04-01,"2709.00.10 - Petroleum & bituminous min oils, crude, relative density >= 0.9042 (< 25°A.P.I.)",Canada,Netherlands,N/A,77188144,106470,Volume in cubic metres
2024-04-01,"2709.00.10 - Petroleum & bituminous min oils, crude, relative density >= 0.9042 (< 25°A.P.I.)",Canada,United States,Illinois,4.95E+09,8486175,Volume in cubic metres
2024-04-01,"2709.00.10 - Petroleum & bituminous min oils, crude, relative density >= 0.9042 (< 25°A.P.I.)",Canada,United States,Missouri,47539221,91885,Volume in cubic metres
2024-05-01,"2709.00.10 - Petroleum & bituminous min oils, crude, relative density >= 0.9042 (< 25°A.P.I.)",Canada,United States,District of Columbia,23069927,40014,Volume in cubic metres
2024-05-01,"2709.00.10 - Petroleum & bituminous min oils, crude, relative density >= 0.9042 (< 25°A.P.I.)",Canada,United States,Minnesota,1.06E+09,1754513,Volume in cubic metres
2024-05-01,"2709.00.10 - Petroleum & bituminous min oils, crude, relative density >= 0.9042 (< 25°A.P.I.)",Canada,United States,Colorado,3.40E+08,544250,Volume in cubic metres
2024-05-01,"2709.00.10 - Petroleum & bituminous min oils, crude, relative density >= 0.9042 (< 25°A.P.I.)",Canada,United States,Mississippi,45628430,71819,Volume in cubic metres
2024-05-01,"2709.00.10 - Petroleum & bituminous min oils, crude, relative density >= 0.9042 (< 25°A.P.I.)",Canada,United States,Delaware,43145137,73540,Volume in cubic metres
2024-07-01,"2709.00.10 - Petroleum & bituminous min oils, crude, relative density >= 0.9042 (< 25°A.P.I.)",Canada,United States,Oklahoma,1.13E+09,1761494,Volume in cubic metres
2024-07-01,"2709.00.10 - Petroleum & bituminous min oils, crude, relative density >= 0.9042 (< 25°A.P.I.)",Canada,United States,Illinois,5.00E+09,8108341,Volume in cubic metres
2024-07-01,"2709.00.10 - Petroleum & bituminous min oils, crude, relative density >= 0.9042 (< 25°A.P.I.)",Canada,United States,District of Columbia,52218778,90164,Volume in cubic metres
2024-08-01,"2709.00.10 - Petroleum & bituminous min oils, crude, relative density >= 0.9042 (< 25°A.P.I.)",Canada,United States,Ohio,1.99E+08,303976,Volume in cubic metres
2024-08-01,"2709.00.10 - Petroleum & bituminous min oils, crude, relative density >= 0.9042 (< 25°A.P.I.)",Canada,United States,Michigan,2.51E+08,436310,Volume in cubic metres
2024-08-01,"2709.00.10 - Petroleum & bituminous min oils, crude, relative density >= 0.9042 (< 25°A.P.I.)",Canada,United States,Minnesota,9.25E+08,1596260,Volume in cubic metres
2024-09-01,"2709.00.10 - Petroleum & bituminous min oils, crude, relative density >= 0.9042 (< 25°A.P.I.)",Canada,United States,Ohio,1.27E+08,208656,Volume in cubic metres
2024-10-01,"2709.00.10 - Petroleum & bituminous min oils, crude, relative density >= 0.9042 (< 25°A.P.I.)",Canada,United States,Mississippi,37555302,62827,Volume in cubic metres
2024-10-01,"2709.00.10 - Petroleum & bituminous min oils, crude, relative density >= 0.9042 (< 25°A.P.I.)",Canada,United States,Louisiana,41618190,68800,Volume in cubic metres
2024-10-01,"2709.00.10 - Petroleum & bituminous min oils, crude, relative density >= 0.9042 (< 25°A.P.I.)",Canada,Hong Kong,N/A,50962275,90623,Volume in cubic metres
2024-10-01,"2709.00.10 - Petroleum & bituminous min oils, crude, relative density >= 0.9042 (< 25°A.P.I.)",Canada,United States,Oklahoma,8.64E+08,1563847,Volume in cubic metres
2024-10-01,"2709.00.10 - Petroleum & bituminous min oils, crude, relative density >= 0.9042 (< 25°A.P.I.)",Canada,United States,Illinois,4.34E+09,7678806,Volume in cubic metres
2024-11-01,"2709.00.10 - Petroleum & bituminous min oils, crude, relative density >= 0.9042 (< 25°A.P.I.)",Canada,United Kingdom,N/A,61152811,99685,Volume in cubic metres
2024-11-01,"2709.00.10 - Petroleum & bituminous min oils, crude, relative density >= 0.9042 (< 25°A.P.I.)",Canada,United States,Ohio,2.21E+08,354112,Volume in cubic metres
2024-11-01,"2709.00.10 - Petroleum & bituminous min oils, crude, relative density >= 0.9042 (< 25°A.P.I.)",Canada,United States,South Dakota,169925,304,Volume in cubic metres
2024-12-01,"2709.00.10 - Petroleum & bituminous min oils, crude, relative density >= 0.9042 (< 25°A.P.I.)",Canada,United States,California,3.52E+08,580255,Volume in cubic metres
2024-12-01,"2709.00.10 - Petroleum & bituminous min oils, crude, relative density >= 0.9042 (< 25°A.P.I.)",Canada,United States,Pennsylvania,91030478,176382,Volume in cubic metres
2024-12-01,"2709.00.10 - Petroleum & bituminous min oils, crude, relative density >= 0.9042 (< 25°A.P.I.)",Canada,United States,Ohio,1.94E+08,309880,Volume in cubic metres
2024-12-01,"2709.00.10 - Petroleum & bituminous min oils, crude, relative density >= 0.9042 (< 25°A.P.I.)",Canada,United States,Illinois,4.70E+09,8150703,Volume in cubic metres
2025-01-01,"2709.00.10 - Petroleum & bituminous min oils, crude, relative density >= 0.9042 (< 25°A.P.I.)",Canada,China,N/A,4.56E+08,738040,Volume in cubic metres
2025-02-01,"2709.00.10 - Petroleum & bituminous min oils, crude, relative density >= 0.9042 (< 25°A.P.I.)",Canada,United States,Missouri,32441437,55924,Volume in cubic metres
2025-01-01,"2709.00.10 - Petroleum & bituminous min oils, crude, relative density >= 0.9042 (< 25°A.P.I.)",Canada,United States,Ohio,2.65E+08,395300,Volume in cubic metres
2025-01-01,"2709.00.10 - Petroleum & bituminous min oils, crude, relative density >= 0.9042 (< 25°A.P.I.)",Canada,United States,New Jersey,14889258,23534,Volume in cubic metres
2025-01-01,"2709.00.10 - Petroleum & bituminous min oils, crude, relative density >= 0.9042 (< 25°A.P.I.)",Canada,Spain,N/A,72232297,105633,Volume in cubic metres
2025-02-01,"2709.00.10 - Petroleum & bituminous min oils, crude, relative density >= 0.9042 (< 25°A.P.I.)",Canada,United States,Alabama,9670750,17722,Volume in cubic metres
2025-02-01,"2709.00.10 - Petroleum & bituminous min oils, crude, relative density >= 0.9042 (< 25°A.P.I.)",Canada,United States,Michigan,1.73E+08,326951,Volume in cubic metres
2025-05-01,"2709.00.10 - Petroleum & bituminous min oils, crude, relative density >= 0.9042 (< 25°A.P.I.)",Canada,United States,Mississippi,10091588,18594,Volume in cubic metres
2025-07-01,"2709.00.10 - Petroleum & bituminous min oils, crude, relative density >= 0.9042 (< 25°A.P.I.)",Canada,Hong Kong,N/A,1.56E+08,280878,Volume in cubic metres
2025-04-01,"2709.00.10 - Petroleum & bituminous min oils, crude, relative density >= 0.9042 (< 25°A.P.I.)",Canada,United States,Michigan,1.88E+08,354026,Volume in cubic metres
2025-05-01,"2709.00.10 - Petroleum & bituminous min oils, crude, relative density >= 0.9042 (< 25°A.P.I.)",Canada,United States,California,2.45E+08,474187,Volume in cubic metres
2025-05-01,"2709.00.10 - Petroleum & bituminous min oils, crude, relative density >= 0.9042 (< 25°A.P.I.)",Canada,United States,North Dakota,14638921,32730,Volume in cubic metres
2025-06-01,"2709.00.10 - Petroleum & bituminous min oils, crude, relative density >= 0.9042 (< 25°A.P.I.)",Canada,United States,Colorado,3.43E+08,684477,Volume in cubic metres
2025-06-01,"2709.00.10 - Petroleum & bituminous min oils, crude, relative density >= 0.9042 (< 25°A.P.I.)",Canada,United States,Missouri,26314053,62707,Volume in cubic metres
2025-06-01,"2709.00.10 - Petroleum & bituminous min oils, crude, relative density >= 0.9042 (< 25°A.P.I.)",Canada,United States,Minnesota,6.71E+08,1432159,Volume in cubic metres
2025-08-01,"2709.00.10 - Petroleum & bituminous min oils, crude, relative density >= 0.9042 (< 25°A.P.I.)",Canada,Hong Kong,N/A,2.09E+08,370135,Volume in cubic metres
2025-08-01,"2709.00.10 - Petroleum & bituminous min oils, crude, relative density >= 0.9042 (< 25°A.P.I.)",Canada,United States,Louisiana,75377476,131315,Volume in cubic metres
2025-09-01,"2709.00.10 - Petroleum & bituminous min oils, crude, relative density >= 0.9042 (< 25°A.P.I.)",Canada,Hong Kong,N/A,1.01E+08,193328,Volume in cubic metres
2025-08-01,"2709.00.10 - Petroleum & bituminous min oils, crude, relative density >= 0.9042 (< 25°A.P.I.)",Canada,United States,North Dakota,32755063,64220,Volume in cubic metres
2025-08-01,"2709.00.10 - Petroleum & bituminous min oils, crude, relative density >= 0.9042 (< 25°A.P.I.)",Canada,United States,Wyoming,390474,757,Volume in cubic metres
2025-08-01,"2709.00.10 - Petroleum & bituminous min oils, crude, relative density >= 0.9042 (< 25°A.P.I.)",Canada,United States,Delaware,18642039,35931,Volume in cubic metres
2025-09-01,"2709.00.10 - Petroleum & bituminous min oils, crude, relative density >= 0.9042 (< 25°A.P.I.)",Canada,United States,South Dakota,400429,801,Volume in cubic metres
2025-10-01,"2709.00.10 - Petroleum & bituminous min oils, crude, relative density >= 0.9042 (< 25°A.P.I.)",Canada,United States,Mississippi,19728425,34791,Volume in cubic metres
2025-10-01,"2709.00.10 - Petroleum & bituminous min oils, crude, relative density >= 0.9042 (< 25°A.P.I.)",Canada,United States,Louisiana,1.20E+08,212537,Volume in cubic metres
2025-10-01,"2709.00.10 - Petroleum & bituminous min oils, crude, relative density >= 0.9042 (< 25°A.P.I.)",Canada,United States,Pennsylvania,83295327,180304,Volume in cubic metres
2025-10-01,"2709.00.10 - Petroleum & bituminous min oils, crude, relative density >= 0.9042 (< 25°A.P.I.)",Canada,United States,Michigan,1.86E+08,392584,Volume in cubic metres
2025-11-01,"2709.00.10 - Petroleum & bituminous min oils, crude, relative density >= 0.9042 (< 25°A.P.I.)",Canada,United States,Colorado,2.75E+08,572544,Volume in cubic metres
2025-11-01,"2709.00.10 - Petroleum & bituminous min oils, crude, relative density >= 0.9042 (< 25°A.P.I.)",Canada,Germany,N/A,64544713,116539,Volume in cubic metres
2025-12-01,"2709.00.10 - Petroleum & bituminous min oils, crude, relative density >= 0.9042 (< 25°A.P.I.)",Canada,United States,Missouri,25415441,59273,Volume in cubic metres
2025-12-01,"2709.00.10 - Petroleum & bituminous min oils, crude, relative density >= 0.9042 (< 25°A.P.I.)",Canada,United States,California,1.40E+08,281819,Volume in cubic metres
2026-01-01,"2709.00.10 - Petroleum & bituminous min oils, crude, relative density >= 0.9042 (< 25°A.P.I.)",Canada,United States,Montana,1.89E+08,440501,Volume in cubic metres
2026-01-01,"2709.00.10 - Petroleum & bituminous min oils, crude, relative density >= 0.9042 (< 25°A.P.I.)",Canada,United States,Michigan,1.37E+08,317531,Volume in cubic metres
2026-01-01,"2709.00.10 - Petroleum & bituminous min oils, crude, relative density >= 0.9042 (< 25°A.P.I.)",Canada,United States,Illinois,3.84E+09,8010712,Volume in cubic metres
2026-01-01,"2709.00.10 - Petroleum & bituminous min oils, crude, relative density >= 0.9042 (< 25°A.P.I.)",Canada,United States,Texas,5.10E+08,973700,Volume in cubic metres
2026-01-01,"2709.00.10 - Petroleum & bituminous min oils, crude, relative density >= 0.9042 (< 25°A.P.I.)",Canada,Germany,N/A,67087996,112701,Volume in cubic metres
2026-01-01,"2709.00.10 - Petroleum & bituminous min oils, crude, relative density >= 0.9042 (< 25°A.P.I.)",Canada,Netherlands,N/A,60848029,116421,Volume in cubic metres
2026-02-01,"2709.00.10 - Petroleum & bituminous min oils, crude, relative density >= 0.9042 (< 25°A.P.I.)",Canada,United States,Minnesota,7.23E+08,1614324,Volume in cubic metres
2026-02-01,"2709.00.10 - Petroleum & bituminous min oils, crude, relative density >= 0.9042 (< 25°A.P.I.)",Canada,United States,Pennsylvania,72810800,180019,Volume in cubic metres
2026-02-01,"2709.00.10 - Petroleum & bituminous min oils, crude, relative density >= 0.9042 (< 25°A.P.I.)",Canada,United States,California,1.38E+08,259704,Volume in cubic metres
2026-03-01,"2709.00.10 - Petroleum & bituminous min oils, crude, relative density >= 0.9042 (< 25°A.P.I.)",Canada,"Korea, South",N/A,66806152,92212,Volume in cubic metres
2026-06-01,"2709.00.10 - Petroleum & bituminous min oils, crude, relative density >= 0.9042 (< 25°A.P.I.)",Canada,United States,Colorado,6.17E+08,843893,Volume in cubic metres
2026-06-01,"2709.00.10 - Petroleum & bituminous min oils, crude, relative density >= 0.9042 (< 25°A.P.I.)",Canada,United States,Minnesota,1.07E+09,1463098,Volume in cubic metres
2026-06-01,"2709.00.10 - Petroleum & bituminous min oils, crude, relative density >= 0.9042 (< 25°A.P.I.)",Canada,United States,Mississippi,6307930,11436,Volume in cubic metres
2026-06-01,"2709.00.10 - Petroleum & bituminous min oils, crude, relative density >= 0.9042 (< 25°A.P.I.)",Canada,United States,Ohio,2.94E+08,372849,Volume in cubic metres
2026-03-01,"2709.00.10 - Petroleum & bituminous min oils, crude, relative density >= 0.9042 (< 25°A.P.I.)",Canada,United States,Oklahoma,1.01E+09,1914414,Volume in cubic metres
2026-03-01,"2709.00.10 - Petroleum & bituminous min oils, crude, relative density >= 0.9042 (< 25°A.P.I.)",Canada,United States,Washington,60698132,111413,Volume in cubic metres
2026-04-01,"2709.00.10 - Petroleum & bituminous min oils, crude, relative density >= 0.9042 (< 25°A.P.I.)",Canada,United States,Illinois,4.45E+09,7403456,Volume in cubic metres
2026-04-01,"2709.00.10 - Petroleum & bituminous min oils, crude, relative density >= 0.9042 (< 25°A.P.I.)",Canada,United States,North Dakota,40248965,64221,Volume in cubic metres
2026-04-01,"2709.00.10 - Petroleum & bituminous min oils, crude, relative density >= 0.9042 (< 25°A.P.I.)",Canada,United States,Washington,1.73E+08,260332,Volume in cubic metres
2026-04-01,"2709.00.10 - Petroleum & bituminous min oils, crude, relative density >= 0.9042 (< 25°A.P.I.)",Canada,United States,Wyoming,1497979,2067,Volume in cubic metres
2026-05-01,"2709.00.10 - Petroleum & bituminous min oils, crude, relative density >= 0.9042 (< 25°A.P.I.)",Canada,Finland,N/A,92025340,101752,Volume in cubic metres
2026-06-01,"2709.00.10 - Petroleum & bituminous min oils, crude, relative density >= 0.9042 (< 25°A.P.I.)",Canada,United Kingdom,N/A,1.03E+08,114480,Volume in cubic metres
2021-06-01,"2709.00.10 - Petroleum & bituminous min oils, crude, relative density >= 0.9042 (< 25°A.P.I.)",Canada,United States,Illinois,2.85E+09,6434571,Volume in cubic metres
2021-06-01,"2709.00.10 - Petroleum & bituminous min oils, crude, relative density >= 0.9042 (< 25°A.P.I.)",Canada,United States,California,59202347,110930,Volume in cubic metres
2021-07-01,"2709.00.10 - Petroleum & bituminous min oils, crude, relative density >= 0.9042 (< 25°A.P.I.)",Canada,United States,Oklahoma,8.72E+08,1714786,Volume in cubic metres
2021-09-01,"2709.00.10 - Petroleum & bituminous min oils, crude, relative density >= 0.9042 (< 25°A.P.I.)",Canada,United States,Illinois,2.63E+09,5280773,Volume in cubic metres
2021-09-01,"2709.00.10 - Petroleum & bituminous min oils, crude, relative density >= 0.9042 (< 25°A.P.I.)",Canada,United States,Washington,1.14E+08,196790,Volume in cubic metres
2021-09-01,"2709.00.10 - Petroleum & bituminous min oils, crude, relative density >= 0.9042 (< 25°A.P.I.)",Canada,China,N/A,43572888,89033,Volume in cubic metres
2021-10-01,"2709.00.10 - Petroleum & bituminous min oils, crude, relative density >= 0.9042 (< 25°A.P.I.)",Canada,United States,California,29778509,47585,Volume in cubic metres
2021-10-01,"2709.00.10 - Petroleum & bituminous min oils, crude, relative density >= 0.9042 (< 25°A.P.I.)",Canada,United States,Alabama,50546220,91488,Volume in cubic metres
2021-10-01,"2709.00.10 - Petroleum & bituminous min oils, crude, relative density >= 0.9042 (< 25°A.P.I.)",Canada,United States,South Dakota,121184,323,Volume in cubic metres
2021-11-01,"2709.00.10 - Petroleum & bituminous min oils, crude, relative density >= 0.9042 (< 25°A.P.I.)",Canada,United States,Montana,2.32E+08,435466,Volume in cubic metres
2021-11-01,"2709.00.10 - Petroleum & bituminous min oils, crude, relative density >= 0.9042 (< 25°A.P.I.)",Canada,Spain,N/A,66121016,94829,Volume in cubic metres
2021-12-01,"2709.00.10 - Petroleum & bituminous min oils, crude, relative density >= 0.9042 (< 25°A.P.I.)",Canada,United States,Texas,9.54E+08,1646610,Volume in cubic metres
2021-12-01,"2709.00.10 - Petroleum & bituminous min oils, crude, relative density >= 0.9042 (< 25°A.P.I.)",Canada,United States,Mississippi,9443530,21988,Volume in cubic metres
2022-01-01,"2709.00.10 - Petroleum & bituminous min oils, crude, relative density >= 0.9042 (< 25°A.P.I.)",Canada,United States,Wyoming,72334938,153281,Volume in cubic metres
2022-01-01,"2709.00.10 - Petroleum & bituminous min oils, crude, relative density >= 0.9042 (< 25°A.P.I.)",Canada,United States,Oklahoma,7.12E+08,1375768,Volume in cubic metres
2022-04-01,"2709.00.10 - Petroleum & bituminous min oils, crude, relative density >= 0.9042 (< 25°A.P.I.)",Canada,Colombia,N/A,3448,15,Volume in cubic metres
2022-02-01,"2709.00.10 - Petroleum & bituminous min oils, crude, relative density >= 0.9042 (< 25°A.P.I.)",Canada,United States,Washington,18893938,28223,Volume in cubic metres
2022-03-01,"2709.00.10 - Petroleum & bituminous min oils, crude, relative density >= 0.9042 (< 25°A.P.I.)",Canada,United States,California,1.68E+08,216153,Volume in cubic metres
2022-04-01,"2709.00.10 - Petroleum & bituminous min oils, crude, relative density >= 0.9042 (< 25°A.P.I.)",Canada,Hong Kong,N/A,61676415,91354,Volume in cubic metres
2022-04-01,"2709.00.10 - Petroleum & bituminous min oils, crude, relative density >= 0.9042 (< 25°A.P.I.)",Canada,United States,Montana,4.60E+08,610845,Volume in cubic metres
2022-04-01,"2709.00.10 - Petroleum & bituminous min oils, crude, relative density >= 0.9042 (< 25°A.P.I.)",Canada,United States,Delaware,1.62E+08,201828,Volume in cubic metres
2022-05-01,"2709.00.10 - Petroleum & bituminous min oils, crude, relative density >= 0.9042 (< 25°A.P.I.)",Canada,United States,Wyoming,14144948,19941,Volume in cubic metres
2022-05-01,"2709.00.10 - Petroleum & bituminous min oils, crude, relative density >= 0.9042 (< 25°A.P.I.)",Canada,United States,North Dakota,32189399,50170,Volume in cubic metres
2022-05-01,"2709.00.10 - Petroleum & bituminous min oils, crude, relative density >= 0.9042 (< 25°A.P.I.)",Canada,United States,Montana,3.92E+08,521890,Volume in cubic metres
2022-05-01,"2709.00.10 - Petroleum & bituminous min oils, crude, relative density >= 0.9042 (< 25°A.P.I.)",Canada,United States,Colorado,4.59E+08,594139,Volume in cubic metres
2022-05-01,"2709.00.10 - Petroleum & bituminous min oils, crude, relative density >= 0.9042 (< 25°A.P.I.)",Canada,United States,Alabama,9093579,18545,Volume in cubic metres
2022-05-01,"2709.00.10 - Petroleum & bituminous min oils, crude, relative density >= 0.9042 (< 25°A.P.I.)",Canada,United States,Ohio,5619639,8438,Volume in cubic metres
2022-05-01,"2709.00.10 - Petroleum & bituminous min oils, crude, relative density >= 0.9042 (< 25°A.P.I.)",Canada,United States,Michigan,2.63E+08,360572,Volume in cubic metres
2022-06-01,"2709.00.10 - Petroleum & bituminous min oils, crude, relative density >= 0.9042 (< 25°A.P.I.)",Canada,United States,Mississippi,22311894,26101,Volume in cubic metres
2022-06-01,"2709.00.10 - Petroleum & bituminous min oils, crude, relative density >= 0.9042 (< 25°A.P.I.)",Canada,Netherlands,N/A,31573764,73750,Volume in cubic metres
2022-06-01,"2709.00.10 - Petroleum & bituminous min oils, crude, relative density >= 0.9042 (< 25°A.P.I.)",Canada,United States,North Dakota,18836635,25032,Volume in cubic metres
2022-08-01,"2709.00.10 - Petroleum & bituminous min oils, crude, relative density >= 0.9042 (< 25°A.P.I.)",Canada,United States,Wyoming,41882771,68882,Volume in cubic metres
2022-07-01,"2709.00.10 - Petroleum & bituminous min oils, crude, relative density >= 0.9042 (< 25°A.P.I.)",Canada,United States,Wyoming,62830280,80189,Volume in cubic metres
2022-07-01,"2709.00.10 - Petroleum & bituminous min oils, crude, relative density >= 0.9042 (< 25°A.P.I.)",Canada,Netherlands,N/A,29048649,33927,Volume in cubic metres
2022-07-01,"2709.00.10 - Petroleum & bituminous min oils, crude, relative density >= 0.9042 (< 25°A.P.I.)",Canada,United States,Michigan,3.18E+08,418298,Volume in cubic metres
2022-07-01,"2709.00.10 - Petroleum & bituminous min oils, crude, relative density >= 0.9042 (< 25°A.P.I.)",Canada,United States,Alabama,4582876,9280,Volume in cubic metres
2022-07-01,"2709.00.10 - Petroleum & bituminous min oils, crude, relative density >= 0.9042 (< 25°A.P.I.)",Canada,United States,Washington,2.14E+08,280063,Volume in cubic metres
2022-08-01,"2709.00.10 - Petroleum & bituminous min oils, crude, relative density >= 0.9042 (< 25°A.P.I.)",Canada,United States,Minnesota,9.08E+08,1343330,Volume in cubic metres
2022-08-01,"2709.00.10 - Petroleum & bituminous min oils, crude, relative density >= 0.9042 (< 25°A.P.I.)",Canada,United States,Illinois,5.43E+09,7184961,Volume in cubic metres
2022-09-01,"2709.00.10 - Petroleum & bituminous min oils, crude, relative density >= 0.9042 (< 25°A.P.I.)",Canada,United States,Michigan,1.72E+08,229002,Volume in cubic metres
2022-09-01,"2709.00.10 - Petroleum & bituminous min oils, crude, relative density >= 0.9042 (< 25°A.P.I.)",Canada,United States,Texas,9.68E+08,1383820,Volume in cubic metres
2022-10-01,"2709.00.10 - Petroleum & bituminous min oils, crude, relative density >= 0.9042 (< 25°A.P.I.)",Canada,United States,Michigan,2.86E+08,444523,Volume in cubic metres
2022-10-01,"2709.00.10 - Petroleum & bituminous min oils, crude, relative density >= 0.9042 (< 25°A.P.I.)",Canada,United States,Ohio,618580,973,Volume in cubic metres
2022-10-01,"2709.00.10 - Petroleum & bituminous min oils, crude, relative density >= 0.9042 (< 25°A.P.I.)",Canada,United States,Mississippi,25646192,39559,Volume in cubic metres
2022-11-01,"2709.00.10 - Petroleum & bituminous min oils, crude, relative density >= 0.9042 (< 25°A.P.I.)",Canada,United States,South Dakota,389876,672,Volume in cubic metres
2022-11-01,"2709.00.10 - Petroleum & bituminous min oils, crude, relative density >= 0.9042 (< 25°A.P.I.)",Canada,United States,Washington,67459667,117909,Volume in cubic metres
2022-11-01,"2709.00.10 - Petroleum & bituminous min oils, crude, relative density >= 0.9042 (< 25°A.P.I.)",Canada,Germany,N/A,84418362,105515,Volume in cubic metres
2023-01-01,"2709.00.10 - Petroleum & bituminous min oils, crude, relative density >= 0.9042 (< 25°A.P.I.)",Canada,United States,Delaware,35948039,81609,Volume in cubic metres
2023-01-01,"2709.00.10 - Petroleum & bituminous min oils, crude, relative density >= 0.9042 (< 25°A.P.I.)",Canada,United States,Louisiana,2.12E+08,288350,Volume in cubic metres
2023-01-01,"2709.00.10 - Petroleum & bituminous min oils, crude, relative density >= 0.9042 (< 25°A.P.I.)",Canada,United States,Alabama,143730,273,Volume in cubic metres
2023-01-01,"2709.00.10 - Petroleum & bituminous min oils, crude, relative density >= 0.9042 (< 25°A.P.I.)",Canada,United States,New Jersey,12137398,21202,Volume in cubic metres
2023-02-01,"2709.00.10 - Petroleum & bituminous min oils, crude, relative density >= 0.9042 (< 25°A.P.I.)",Canada,Spain,N/A,70311328,106470,Volume in cubic metres
2023-02-01,"2709.00.10 - Petroleum & bituminous min oils, crude, relative density >= 0.9042 (< 25°A.P.I.)",Canada,United States,North Dakota,35310935,81534,Volume in cubic metres
2023-02-01,"2709.00.10 - Petroleum & bituminous min oils, crude, relative density >= 0.9042 (< 25°A.P.I.)",Canada,United States,Louisiana,1.34E+08,176310,Volume in cubic metres
2023-03-01,"2709.00.10 - Petroleum & bituminous min oils, crude, relative density >= 0.9042 (< 25°A.P.I.)",Canada,United States,New Jersey,9022967,15934,Volume in cubic metres
2023-03-01,"2709.00.10 - Petroleum & bituminous min oils, crude, relative density >= 0.9042 (< 25°A.P.I.)",Canada,United States,Washington,63084636,135605,Volume in cubic metres
2023-04-01,"2709.00.10 - Petroleum & bituminous min oils, crude, relative density >= 0.9042 (< 25°A.P.I.)",Canada,United States,California,2.19E+08,367947,Volume in cubic metres
2023-05-01,"2709.00.10 - Petroleum & bituminous min oils, crude, relative density >= 0.9042 (< 25°A.P.I.)",Canada,United States,North Dakota,25897613,48514,Volume in cubic metres
2023-05-01,"2709.00.10 - Petroleum & bituminous min oils, crude, relative density >= 0.9042 (< 25°A.P.I.)",Canada,United States,Colorado,3.21E+08,546352,Volume in cubic metres
2023-05-01,"2709.00.10 - Petroleum & bituminous min oils, crude, relative density >= 0.9042 (< 25°A.P.I.)",Canada,United States,Mississippi,77881006,132424,Volume in cubic metres
2023-05-01,"2709.00.10 - Petroleum & bituminous min oils, crude, relative density >= 0.9042 (< 25°A.P.I.)",Canada,United States,Minnesota,8.40E+08,1548793,Volume in cubic metres
2023-06-01,"2709.00.10 - Petroleum & bituminous min oils, crude, relative density >= 0.9042 (< 25°A.P.I.)",Canada,United States,New Jersey,12829005,22880,Volume in cubic metres
2023-06-01,"2709.00.10 - Petroleum & bituminous min oils, crude, relative density >= 0.9042 (< 25°A.P.I.)",Canada,United States,Ohio,10609368,18364,Volume in cubic metres
2023-08-01,"2709.00.10 - Petroleum & bituminous min oils, crude, relative density >= 0.9042 (< 25°A.P.I.)",Canada,Germany,N/A,78238150,106470,Volume in cubic metres
2023-09-01,"2709.00.10 - Petroleum & bituminous min oils, crude, relative density >= 0.9042 (< 25°A.P.I.)",Canada,United States,Alabama,478987,911,Volume in cubic metres
2023-10-01,"2709.00.10 - Petroleum & bituminous min oils, crude, relative density >= 0.9042 (< 25°A.P.I.)",Canada,United States,District of Columbia,24099775,38190,Volume in cubic metres
2023-11-01,"2709.00.10 - Petroleum & bituminous min oils, crude, relative density >= 0.9042 (< 25°A.P.I.)",Canada,United States,California,1.01E+08,148904,Volume in cubic metres
2023-11-01,"2709.00.10 - Petroleum & bituminous min oils, crude, relative density >= 0.9042 (< 25°A.P.I.)",Canada,Netherlands,N/A,70030973,102020,Volume in cubic metres
2023-11-01,"2709.00.10 - Petroleum & bituminous min oils, crude, relative density >= 0.9042 (< 25°A.P.I.)",Canada,United States,Delaware,51043902,88231,Volume in cubic metres
2023-12-01,"2709.00.10 - Petroleum & bituminous min oils, crude, relative density >= 0.9042 (< 25°A.P.I.)",Canada,United States,North Dakota,26953083,60072,Volume in cubic metres
2023-12-01,"2709.00.10 - Petroleum & bituminous min oils, crude, relative density >= 0.9042 (< 25°A.P.I.)",Canada,United States,Minnesota,6.18E+08,1351072,Volume in cubic metres
2024-01-01,"2709.00.10 - Petroleum & bituminous min oils, crude, relative density >= 0.9042 (< 25°A.P.I.)",Canada,United States,California,49086236,80739,Volume in cubic metres
2024-01-01,"2709.00.10 - Petroleum & bituminous min oils, crude, relative density >= 0.9042 (< 25°A.P.I.)",Canada,United States,Nevada,17143,33,Volume in cubic metres
2024-02-01,"2709.00.10 - Petroleum & bituminous min oils, crude, relative density >= 0.9042 (< 25°A.P.I.)",Canada,United States,Minnesota,7.85E+08,1598968,Volume in cubic metres
2024-03-01,"2709.00.10 - Petroleum & bituminous min oils, crude, relative density >= 0.9042 (< 25°A.P.I.)",Canada,United States,Louisiana,96286201,138854,Volume in cubic metres
2024-06-01,"2709.00.10 - Petroleum & bituminous min oils, crude, relative density >= 0.9042 (< 25°A.P.I.)",Canada,United States,North Dakota,30992503,54004,Volume in cubic metres
2024-05-01,"2709.00.10 - Petroleum & bituminous min oils, crude, relative density >= 0.9042 (< 25°A.P.I.)",Canada,United States,Texas,7.87E+08,1127628,Volume in cubic metres
2024-06-01,"2709.00.10 - Petroleum & bituminous min oils, crude, relative density >= 0.9042 (< 25°A.P.I.)",Canada,United States,Washington,98464035,145339,Volume in cubic metres
2024-06-01,"2709.00.10 - Petroleum & bituminous min oils, crude, relative density >= 0.9042 (< 25°A.P.I.)",Canada,China,N/A,4.50E+08,685409,Volume in cubic metres
2024-06-01,"2709.00.10 - Petroleum & bituminous min oils, crude, relative density >= 0.9042 (< 25°A.P.I.)",Canada,United States,Louisiana,1.12E+08,162021,Volume in cubic metres
2024-06-01,"2709.00.10 - Petroleum & bituminous min oils, crude, relative density >= 0.9042 (< 25°A.P.I.)",Canada,United States,Michigan,2.46E+08,413080,Volume in cubic metres
2024-07-01,"2709.00.10 - Petroleum & bituminous min oils, crude, relative density >= 0.9042 (< 25°A.P.I.)",Canada,United States,South Dakota,477942,723,Volume in cubic metres
2024-07-01,"2709.00.10 - Petroleum & bituminous min oils, crude, relative density >= 0.9042 (< 25°A.P.I.)",Canada,United States,California,3.14E+08,483784,Volume in cubic metres
2024-07-01,"2709.00.10 - Petroleum & bituminous min oils, crude, relative density >= 0.9042 (< 25°A.P.I.)",Canada,Germany,N/A,69798849,106748,Volume in cubic metres
2024-07-01,"2709.00.10 - Petroleum & bituminous min oils, crude, relative density >= 0.9042 (< 25°A.P.I.)",Canada,United States,Ohio,3.04E+08,431377,Volume in cubic metres
2024-07-01,"2709.00.10 - Petroleum & bituminous min oils, crude, relative density >= 0.9042 (< 25°A.P.I.)",Canada,"Korea, South",N/A,57977872,85623,Volume in cubic metres
2024-07-01,"2709.00.10 - Petroleum & bituminous min oils, crude, relative density >= 0.9042 (< 25°A.P.I.)",Canada,China,N/A,2.04E+08,290667,Volume in cubic metres
2024-07-01,"2709.00.10 - Petroleum & bituminous min oils, crude, relative density >= 0.9042 (< 25°A.P.I.)",Canada,United States,Montana,4.29E+08,708870,Volume in cubic metres
2024-08-01,"2709.00.10 - Petroleum & bituminous min oils, crude, relative density >= 0.9042 (< 25°A.P.I.)",Canada,United States,Washington,1.05E+08,160680,Volume in cubic metres
2024-09-01,"2709.00.10 - Petroleum & bituminous min oils, crude, relative density >= 0.9042 (< 25°A.P.I.)",Canada,United States,Mississippi,34033920,60324,Volume in cubic metres
2024-09-01,"2709.00.10 - Petroleum & bituminous min oils, crude, relative density >= 0.9042 (< 25°A.P.I.)",Canada,United States,Michigan,1.50E+08,258528,Volume in cubic metres
2024-09-01,"2709.00.10 - Petroleum & bituminous min oils, crude, relative density >= 0.9042 (< 25°A.P.I.)",Canada,United States,Washington,92159413,146980,Volume in cubic metres
2024-09-01,"2709.00.10 - Petroleum & bituminous min oils, crude, relative density >= 0.9042 (< 25°A.P.I.)",Canada,United States,Montana,4.12E+08,722218,Volume in cubic metres
2024-10-01,"2709.00.10 - Petroleum & bituminous min oils, crude, relative density >= 0.9042 (< 25°A.P.I.)",Canada,United States,District of Columbia,14482949,29966,Volume in cubic metres
2024-10-01,"2709.00.10 - Petroleum & bituminous min oils, crude, relative density >= 0.9042 (< 25°A.P.I.)",Canada,United States,Colorado,2.29E+08,419816,Volume in cubic metres
2024-12-01,"2709.00.10 - Petroleum & bituminous min oils, crude, relative density >= 0.9042 (< 25°A.P.I.)",Canada,China,N/A,4.17E+08,718476,Volume in cubic metres
2024-12-01,"2709.00.10 - Petroleum & bituminous min oils, crude, relative density >= 0.9042 (< 25°A.P.I.)",Canada,United States,Alabama,9401375,17302,Volume in cubic metres
2025-01-01,"2709.00.10 - Petroleum & bituminous min oils, crude, relative density >= 0.9042 (< 25°A.P.I.)",Canada,United States,Wyoming,5290935,10022,Volume in cubic metres
2025-01-01,"2709.00.10 - Petroleum & bituminous min oils, crude, relative density >= 0.9042 (< 25°A.P.I.)",Canada,United States,Missouri,10926472,20175,Volume in cubic metres
2025-03-01,"2709.00.10 - Petroleum & bituminous min oils, crude, relative density >= 0.9042 (< 25°A.P.I.)",Canada,China,N/A,5.31E+08,906751,Volume in cubic metres
2025-03-01,"2709.00.10 - Petroleum & bituminous min oils, crude, relative density >= 0.9042 (< 25°A.P.I.)",Canada,United States,North Dakota,25838802,47737,Volume in cubic metres
2025-03-01,"2709.00.10 - Petroleum & bituminous min oils, crude, relative density >= 0.9042 (< 25°A.P.I.)",Canada,United States,Texas,8.11E+08,1262254,Volume in cubic metres
2025-01-01,"2709.00.10 - Petroleum & bituminous min oils, crude, relative density >= 0.9042 (< 25°A.P.I.)",Canada,United States,Montana,2.29E+08,414669,Volume in cubic metres
2025-01-01,"2709.00.10 - Petroleum & bituminous min oils, crude, relative density >= 0.9042 (< 25°A.P.I.)",Canada,United States,Minnesota,8.63E+08,1509996,Volume in cubic metres
2025-02-01,"2709.00.10 - Petroleum & bituminous min oils, crude, relative density >= 0.9042 (< 25°A.P.I.)",Canada,United States,Washington,1.93E+08,316897,Volume in cubic metres
2025-03-01,"2709.00.10 - Petroleum & bituminous min oils, crude, relative density >= 0.9042 (< 25°A.P.I.)",Canada,United States,Montana,1.73E+08,308947,Volume in cubic metres
2025-03-01,"2709.00.10 - Petroleum & bituminous min oils, crude, relative density >= 0.9042 (< 25°A.P.I.)",Canada,United States,Ohio,1.85E+08,299514,Volume in cubic metres
2025-03-01,"2709.00.10 - Petroleum & bituminous min oils, crude, relative density >= 0.9042 (< 25°A.P.I.)",Canada,United States,Washington,1.65E+08,282663,Volume in cubic metres
2025-04-01,"2709.00.10 - Petroleum & bituminous min oils, crude, relative density >= 0.9042 (< 25°A.P.I.)",Canada,Hong Kong,N/A,1.02E+08,187605,Volume in cubic metres
2025-04-01,"2709.00.10 - Petroleum & bituminous min oils, crude, relative density >= 0.9042 (< 25°A.P.I.)",Canada,Singapore,N/A,44652494,87443,Volume in cubic metres
2025-04-01,"2709.00.10 - Petroleum & bituminous min oils, crude, relative density >= 0.9042 (< 25°A.P.I.)",Canada,"Korea, South",N/A,52519875,91624,Volume in cubic metres
2025-04-01,"2709.00.10 - Petroleum & bituminous min oils, crude, relative density >= 0.9042 (< 25°A.P.I.)",Canada,United States,Montana,2.82E+08,507511,Volume in cubic metres
2025-04-01,"2709.00.10 - Petroleum & bituminous min oils, crude, relative density >= 0.9042 (< 25°A.P.I.)",Canada,United States,North Dakota,23579002,49322,Volume in cubic metres
2025-04-01,"2709.00.10 - Petroleum & bituminous min oils, crude, relative density >= 0.9042 (< 25°A.P.I.)",Canada,United States,Oklahoma,5.98E+08,1036656,Volume in cubic metres
2025-05-01,"2709.00.10 - Petroleum & bituminous min oils, crude, relative density >= 0.9042 (< 25°A.P.I.)",Canada,Singapore,N/A,2.58E+08,507938,Volume in cubic metres
2025-05-01,"2709.00.10 - Petroleum & bituminous min oils, crude, relative density >= 0.9042 (< 25°A.P.I.)",Canada,Hong Kong,N/A,39639600,87443,Volume in cubic metres
2025-06-01,"2709.00.10 - Petroleum & bituminous min oils, crude, relative density >= 0.9042 (< 25°A.P.I.)",Canada,United States,Ohio,1.20E+08,209852,Volume in cubic metres
2025-06-01,"2709.00.10 - Petroleum & bituminous min oils, crude, relative density >= 0.9042 (< 25°A.P.I.)",Canada,United States,Louisiana,56740372,111521,Volume in cubic metres
2025-07-01,"2709.00.10 - Petroleum & bituminous min oils, crude, relative density >= 0.9042 (< 25°A.P.I.)",Canada,United States,Minnesota,8.84E+08,1744002,Volume in cubic metres
2025-05-01,"2709.00.10 - Petroleum & bituminous min oils, crude, relative density >= 0.9042 (< 25°A.P.I.)",Canada,United States,Pennsylvania,81344074,181005,Volume in cubic metres
2025-06-01,"2709.00.10 - Petroleum & bituminous min oils, crude, relative density >= 0.9042 (< 25°A.P.I.)",Canada,United States,Michigan,1.47E+08,326507,Volume in cubic metres
2025-07-01,"2709.00.10 - Petroleum & bituminous min oils, crude, relative density >= 0.9042 (< 25°A.P.I.)",Canada,United States,South Dakota,446832,847,Volume in cubic metres
2025-08-01,"2709.00.10 - Petroleum & bituminous min oils, crude, relative density >= 0.9042 (< 25°A.P.I.)",Canada,United States,Oklahoma,6.58E+08,1174043,Volume in cubic metres
2025-09-01,"2709.00.10 - Petroleum & bituminous min oils, crude, relative density >= 0.9042 (< 25°A.P.I.)",Canada,United States,Illinois,4.12E+09,7908604,Volume in cubic metres
2025-09-01,"2709.00.10 - Petroleum & bituminous min oils, crude, relative density >= 0.9042 (< 25°A.P.I.)",Canada,United States,Missouri,8148631,14777,Volume in cubic metres
2025-09-01,"2709.00.10 - Petroleum & bituminous min oils, crude, relative density >= 0.9042 (< 25°A.P.I.)",Canada,United States,Mississippi,24609928,44594,Volume in cubic metres
2025-10-01,"2709.00.10 - Petroleum & bituminous min oils, crude, relative density >= 0.9042 (< 25°A.P.I.)",Canada,United States,Colorado,3.51E+08,722125,Volume in cubic metres
2025-11-01,"2709.00.10 - Petroleum & bituminous min oils, crude, relative density >= 0.9042 (< 25°A.P.I.)",Canada,United States,California,46724840,91555,Volume in cubic metres
2025-11-01,"2709.00.10 - Petroleum & bituminous min oils, crude, relative density >= 0.9042 (< 25°A.P.I.)",Canada,United States,Michigan,1.53E+08,330464,Volume in cubic metres
2025-11-01,"2709.00.10 - Petroleum & bituminous min oils, crude, relative density >= 0.9042 (< 25°A.P.I.)",Canada,China,N/A,1.00E+09,1972356,Volume in cubic metres
2025-12-01,"2709.00.10 - Petroleum & bituminous min oils, crude, relative density >= 0.9042 (< 25°A.P.I.)",Canada,United States,Montana,2.07E+08,470252,Volume in cubic metres
2025-12-01,"2709.00.10 - Petroleum & bituminous min oils, crude, relative density >= 0.9042 (< 25°A.P.I.)",Canada,United States,Illinois,4.59E+09,9144295,Volume in cubic metres
2025-12-01,"2709.00.10 - Petroleum & bituminous min oils, crude, relative density >= 0.9042 (< 25°A.P.I.)",Canada,United States,Pennsylvania,95710484,226166,Volume in cubic metres
2026-01-01,"2709.00.10 - Petroleum & bituminous min oils, crude, relative density >= 0.9042 (< 25°A.P.I.)",Canada,United States,Missouri,40639539,97736,Volume in cubic metres
2026-02-01,"2709.00.10 - Petroleum & bituminous min oils, crude, relative density >= 0.9042 (< 25°A.P.I.)",Canada,United States,Illinois,3.57E+09,7498928,Volume in cubic metres
2026-02-01,"2709.00.10 - Petroleum & bituminous min oils, crude, relative density >= 0.9042 (< 25°A.P.I.)",Canada,United States,Michigan,1.26E+08,309177,Volume in cubic metres
2026-02-01,"2709.00.10 - Petroleum & bituminous min oils, crude, relative density >= 0.9042 (< 25°A.P.I.)",Canada,United States,Oklahoma,7.08E+08,1485784,Volume in cubic metres
2026-04-01,"2709.00.10 - Petroleum & bituminous min oils, crude, relative density >= 0.9042 (< 25°A.P.I.)",Canada,United States,South Dakota,503054,699,Volume in cubic metres
2026-05-01,"2709.00.10 - Petroleum & bituminous min oils, crude, relative density >= 0.9042 (< 25°A.P.I.)",Canada,United States,Oklahoma,1.16E+09,1508246,Volume in cubic metres
2026-06-01,"2709.00.10 - Petroleum & bituminous min oils, crude, relative density >= 0.9042 (< 25°A.P.I.)",Canada,Germany,N/A,1.05E+08,116856,Volume in cubic metres
2026-06-01,"2709.00.10 - Petroleum & bituminous min oils, crude, relative density >= 0.9042 (< 25°A.P.I.)",Canada,United States,Alabama,26871931,38136,Volume in cubic metres
2026-06-01,"2709.00.10 - Petroleum & bituminous min oils, crude, relative density >= 0.9042 (< 25°A.P.I.)",Canada,United States,Pennsylvania,1.68E+08,227902,Volume in cubic metres
2026-03-01,"2709.00.10 - Petroleum & bituminous min oils, crude, relative density >= 0.9042 (< 25°A.P.I.)",Canada,United States,North Dakota,21595805,49342,Volume in cubic metres
2026-03-01,"2709.00.10 - Petroleum & bituminous min oils, crude, relative density >= 0.9042 (< 25°A.P.I.)",Canada,United States,Pennsylvania,93451138,220639,Volume in cubic metres
2026-04-01,"2709.00.10 - Petroleum & bituminous min oils, crude, relative density >= 0.9042 (< 25°A.P.I.)",Canada,United States,Alabama,2.10E+08,216287,Volume in cubic metres
2026-04-01,"2709.00.10 - Petroleum & bituminous min oils, crude, relative density >= 0.9042 (< 25°A.P.I.)",Canada,United Kingdom,N/A,3.62E+08,325794,Volume in cubic metres
2026-04-01,"2709.00.10 - Petroleum & bituminous min oils, crude, relative density >= 0.9042 (< 25°A.P.I.)",Canada,United States,Pennsylvania,1.19E+08,195777,Volume in cubic metres
2026-05-01,"2709.00.10 - Petroleum & bituminous min oils, crude, relative density >= 0.9042 (< 25°A.P.I.)",Canada,United States,California,70589366,87318,Volume in cubic metres
2021-06-01,"2709.00.10 - Petroleum & bituminous min oils, crude, relative density >= 0.9042 (< 25°A.P.I.)",Canada,United States,North Dakota,9916931,22147,Volume in cubic metres
2021-07-01,"2709.00.10 - Petroleum & bituminous min oils, crude, relative density >= 0.9042 (< 25°A.P.I.)",Canada,United States,Wyoming,44230290,96248,Volume in cubic metres
2021-07-01,"2709.00.10 - Petroleum & bituminous min oils, crude, relative density >= 0.9042 (< 25°A.P.I.)",Canada,United States,California,1.13E+08,205275,Volume in cubic metres
2021-07-01,"2709.00.10 - Petroleum & bituminous min oils, crude, relative density >= 0.9042 (< 25°A.P.I.)",Canada,United States,Minnesota,5.65E+08,1137827,Volume in cubic metres
2021-07-01,"2709.00.10 - Petroleum & bituminous min oils, crude, relative density >= 0.9042 (< 25°A.P.I.)",Canada,Spain,N/A,60640032,102020,Volume in cubic metres
2021-08-01,"2709.00.10 - Petroleum & bituminous min oils, crude, relative density >= 0.9042 (< 25°A.P.I.)",Canada,United States,Louisiana,91394488,164278,Volume in cubic metres
2021-08-01,"2709.00.10 - Petroleum & bituminous min oils, crude, relative density >= 0.9042 (< 25°A.P.I.)",Canada,Spain,N/A,59151795,102020,Volume in cubic metres
2021-08-01,"2709.00.10 - Petroleum & bituminous min oils, crude, relative density >= 0.9042 (< 25°A.P.I.)",Canada,United States,Missouri,3.47E+08,748000,Volume in cubic metres
2021-09-01,"2709.00.10 - Petroleum & bituminous min oils, crude, relative density >= 0.9042 (< 25°A.P.I.)",Canada,United States,Oklahoma,7.58E+08,1559069,Volume in cubic metres
2021-09-01,"2709.00.10 - Petroleum & bituminous min oils, crude, relative density >= 0.9042 (< 25°A.P.I.)",Canada,United States,Pennsylvania,81090782,181140,Volume in cubic metres
2021-09-01,"2709.00.10 - Petroleum & bituminous min oils, crude, relative density >= 0.9042 (< 25°A.P.I.)",Canada,United States,Montana,2.45E+08,524855,Volume in cubic metres
2021-10-01,"2709.00.10 - Petroleum & bituminous min oils, crude, relative density >= 0.9042 (< 25°A.P.I.)",Canada,United States,Minnesota,6.36E+08,1245042,Volume in cubic metres
2021-10-01,"2709.00.10 - Petroleum & bituminous min oils, crude, relative density >= 0.9042 (< 25°A.P.I.)",Canada,United States,Michigan,1.62E+08,363013,Volume in cubic metres
2021-11-01,"2709.00.10 - Petroleum & bituminous min oils, crude, relative density >= 0.9042 (< 25°A.P.I.)",Canada,United States,Missouri,4.89E+08,884802,Volume in cubic metres
2021-11-01,"2709.00.10 - Petroleum & bituminous min oils, crude, relative density >= 0.9042 (< 25°A.P.I.)",Canada,United States,Wyoming,56188459,104486,Volume in cubic metres
2021-11-01,"2709.00.10 - Petroleum & bituminous min oils, crude, relative density >= 0.9042 (< 25°A.P.I.)",Canada,United States,North Dakota,14809817,25659,Volume in cubic metres
2021-12-01,"2709.00.10 - Petroleum & bituminous min oils, crude, relative density >= 0.9042 (< 25°A.P.I.)",Canada,United States,Wyoming,76597522,155546,Volume in cubic metres
2022-01-01,"2709.00.10 - Petroleum & bituminous min oils, crude, relative density >= 0.9042 (< 25°A.P.I.)",Canada,United States,Alabama,16131592,27329,Volume in cubic metres
2022-01-01,"2709.00.10 - Petroleum & bituminous min oils, crude, relative density >= 0.9042 (< 25°A.P.I.)",Canada,United States,Minnesota,7.14E+08,1473322,Volume in cubic metres
2022-02-01,"2709.00.10 - Petroleum & bituminous min oils, crude, relative density >= 0.9042 (< 25°A.P.I.)",Canada,United States,Montana,2.97E+08,515503,Volume in cubic metres
2022-02-01,"2709.00.10 - Petroleum & bituminous min oils, crude, relative density >= 0.9042 (< 25°A.P.I.)",Canada,United States,Minnesota,8.51E+08,1436986,Volume in cubic metres
2022-03-01,"2709.00.10 - Petroleum & bituminous min oils, crude, relative density >= 0.9042 (< 25°A.P.I.)",Canada,United States,Pennsylvania,75106369,134281,Volume in cubic metres
2022-03-01,"2709.00.10 - Petroleum & bituminous min oils, crude, relative density >= 0.9042 (< 25°A.P.I.)",Canada,United States,Texas,1.34E+09,1799880,Volume in cubic metres
2022-03-01,"2709.00.10 - Petroleum & bituminous min oils, crude, relative density >= 0.9042 (< 25°A.P.I.)",Canada,United States,Alabama,49329239,73138,Volume in cubic metres
2022-04-01,"2709.00.10 - Petroleum & bituminous min oils, crude, relative density >= 0.9042 (< 25°A.P.I.)",Canada,United States,Michigan,2.14E+08,379556,Volume in cubic metres
2022-06-01,"2709.00.10 - Petroleum & bituminous min oils, crude, relative density >= 0.9042 (< 25°A.P.I.)",Canada,United States,Montana,4.64E+08,595451,Volume in cubic metres
2022-07-01,"2709.00.10 - Petroleum & bituminous min oils, crude, relative density >= 0.9042 (< 25°A.P.I.)",Canada,United States,South Dakota,20249,28,Volume in cubic metres
2022-07-01,"2709.00.10 - Petroleum & bituminous min oils, crude, relative density >= 0.9042 (< 25°A.P.I.)",Canada,United States,Louisiana,3.35E+08,350112,Volume in cubic metres
2022-07-01,"2709.00.10 - Petroleum & bituminous min oils, crude, relative density >= 0.9042 (< 25°A.P.I.)",Canada,United States,Mississippi,22044270,25307,Volume in cubic metres
2022-07-01,"2709.00.10 - Petroleum & bituminous min oils, crude, relative density >= 0.9042 (< 25°A.P.I.)",Canada,United States,Pennsylvania,1.54E+08,193249,Volume in cubic metres
2022-07-01,"2709.00.10 - Petroleum & bituminous min oils, crude, relative density >= 0.9042 (< 25°A.P.I.)",Canada,United States,Montana,5.44E+08,688170,Volume in cubic metres
2022-08-01,"2709.00.10 - Petroleum & bituminous min oils, crude, relative density >= 0.9042 (< 25°A.P.I.)",Canada,United States,Texas,1.34E+09,1769014,Volume in cubic metres
2022-09-01,"2709.00.10 - Petroleum & bituminous min oils, crude, relative density >= 0.9042 (< 25°A.P.I.)",Canada,United States,Pennsylvania,1.09E+08,169993,Volume in cubic metres
2022-09-01,"2709.00.10 - Petroleum & bituminous min oils, crude, relative density >= 0.9042 (< 25°A.P.I.)",Canada,United States,Louisiana,73580788,89172,Volume in cubic metres
2022-09-01,"2709.00.10 - Petroleum & bituminous min oils, crude, relative density >= 0.9042 (< 25°A.P.I.)",Canada,United States,Colorado,3.45E+08,559092,Volume in cubic metres
2022-10-01,"2709.00.10 - Petroleum & bituminous min oils, crude, relative density >= 0.9042 (< 25°A.P.I.)",Canada,United States,Texas,1.26E+09,1889945,Volume in cubic metres
2022-10-01,"2709.00.10 - Petroleum & bituminous min oils, crude, relative density >= 0.9042 (< 25°A.P.I.)",Canada,United States,Colorado,2.70E+08,443706,Volume in cubic metres
2022-11-01,"2709.00.10 - Petroleum & bituminous min oils, crude, relative density >= 0.9042 (< 25°A.P.I.)",Canada,United States,Mississippi,23351067,36633,Volume in cubic metres
2022-12-01,"2709.00.10 - Petroleum & bituminous min oils, crude, relative density >= 0.9042 (< 25°A.P.I.)",Canada,United States,Colorado,2.74E+08,519454,Volume in cubic metres
2022-12-01,"2709.00.10 - Petroleum & bituminous min oils, crude, relative density >= 0.9042 (< 25°A.P.I.)",Canada,United States,Pennsylvania,97857787,189272,Volume in cubic metres
2022-12-01,"2709.00.10 - Petroleum & bituminous min oils, crude, relative density >= 0.9042 (< 25°A.P.I.)",Canada,United States,North Dakota,2319705,4212,Volume in cubic metres
2023-03-01,"2709.00.10 - Petroleum & bituminous min oils, crude, relative density >= 0.9042 (< 25°A.P.I.)",Canada,United States,South Dakota,45273,87,Volume in cubic metres
2023-01-01,"2709.00.10 - Petroleum & bituminous min oils, crude, relative density >= 0.9042 (< 25°A.P.I.)",Canada,United States,Texas,5.56E+08,1009063,Volume in cubic metres
2023-02-01,"2709.00.10 - Petroleum & bituminous min oils, crude, relative density >= 0.9042 (< 25°A.P.I.)",Canada,United Kingdom,N/A,61841540,98047,Volume in cubic metres
2023-03-01,"2709.00.10 - Petroleum & bituminous min oils, crude, relative density >= 0.9042 (< 25°A.P.I.)",Canada,United States,Mississippi,66988680,117688,Volume in cubic metres
2023-03-01,"2709.00.10 - Petroleum & bituminous min oils, crude, relative density >= 0.9042 (< 25°A.P.I.)",Canada,United States,Delaware,34745699,63351,Volume in cubic metres
2023-03-01,"2709.00.10 - Petroleum & bituminous min oils, crude, relative density >= 0.9042 (< 25°A.P.I.)",Canada,United States,Colorado,2.37E+08,470893,Volume in cubic metres
2023-04-01,"2709.00.10 - Petroleum & bituminous min oils, crude, relative density >= 0.9042 (< 25°A.P.I.)",Canada,United States,Montana,3.74E+08,753231,Volume in cubic metres
2023-04-01,"2709.00.10 - Petroleum & bituminous min oils, crude, relative density >= 0.9042 (< 25°A.P.I.)",Canada,United States,Delaware,49466,91,Volume in cubic metres
2023-05-01,"2709.00.10 - Petroleum & bituminous min oils, crude, relative density >= 0.9042 (< 25°A.P.I.)",Canada,Netherlands,N/A,68075688,106470,Volume in cubic metres
2023-05-01,"2709.00.10 - Petroleum & bituminous min oils, crude, relative density >= 0.9042 (< 25°A.P.I.)",Canada,United States,California,88827274,151775,Volume in cubic metres
2023-06-01,"2709.00.10 - Petroleum & bituminous min oils, crude, relative density >= 0.9042 (< 25°A.P.I.)",Canada,United States,Montana,3.63E+08,727849,Volume in cubic metres
2023-06-01,"2709.00.10 - Petroleum & bituminous min oils, crude, relative density >= 0.9042 (< 25°A.P.I.)",Canada,United States,Oklahoma,7.36E+08,1408555,Volume in cubic metres
2023-07-01,"2709.00.10 - Petroleum & bituminous min oils, crude, relative density >= 0.9042 (< 25°A.P.I.)",Canada,United States,Montana,3.09E+08,626124,Volume in cubic metres
2023-07-01,"2709.00.10 - Petroleum & bituminous min oils, crude, relative density >= 0.9042 (< 25°A.P.I.)",Canada,Netherlands,N/A,63953467,102020,Volume in cubic metres
2023-08-01,"2709.00.10 - Petroleum & bituminous min oils, crude, relative density >= 0.9042 (< 25°A.P.I.)",Canada,United Kingdom,N/A,63500943,102020,Volume in cubic metres
2023-08-01,"2709.00.10 - Petroleum & bituminous min oils, crude, relative density >= 0.9042 (< 25°A.P.I.)",Canada,United States,Indiana,5614817,10179,Volume in cubic metres
2023-09-01,"2709.00.10 - Petroleum & bituminous min oils, crude, relative density >= 0.9042 (< 25°A.P.I.)",Canada,United States,North Dakota,40541775,67498,Volume in cubic metres
2023-09-01,"2709.00.10 - Petroleum & bituminous min oils, crude, relative density >= 0.9042 (< 25°A.P.I.)",Canada,United States,Minnesota,7.15E+08,1122608,Volume in cubic metres
2023-10-01,"2709.00.10 - Petroleum & bituminous min oils, crude, relative density >= 0.9042 (< 25°A.P.I.)",Canada,United States,Missouri,71130492,103334,Volume in cubic metres
2023-10-01,"2709.00.10 - Petroleum & bituminous min oils, crude, relative density >= 0.9042 (< 25°A.P.I.)",Canada,United States,Michigan,2.54E+08,438818,Volume in cubic metres
2023-10-01,"2709.00.10 - Petroleum & bituminous min oils, crude, relative density >= 0.9042 (< 25°A.P.I.)",Canada,United States,Ohio,2.92E+08,407428,Volume in cubic metres
2023-10-01,"2709.00.10 - Petroleum & bituminous min oils, crude, relative density >= 0.9042 (< 25°A.P.I.)",Canada,United States,Delaware,35084616,55574,Volume in cubic metres
2023-12-01,"2709.00.10 - Petroleum & bituminous min oils, crude, relative density >= 0.9042 (< 25°A.P.I.)",Canada,United States,District of Columbia,20898632,39929,Volume in cubic metres
2023-12-01,"2709.00.10 - Petroleum & bituminous min oils, crude, relative density >= 0.9042 (< 25°A.P.I.)",Canada,United States,Michigan,1.43E+08,254977,Volume in cubic metres
2023-12-01,"2709.00.10 - Petroleum & bituminous min oils, crude, relative density >= 0.9042 (< 25°A.P.I.)",Canada,United States,Montana,3.76E+08,740469,Volume in cubic metres
2023-12-01,"2709.00.10 - Petroleum & bituminous min oils, crude, relative density >= 0.9042 (< 25°A.P.I.)",Canada,United States,South Dakota,40374,85,Volume in cubic metres
2023-12-01,"2709.00.10 - Petroleum & bituminous min oils, crude, relative density >= 0.9042 (< 25°A.P.I.)",Canada,United States,Pennsylvania,1.09E+08,207510,Volume in cubic metres
2024-01-01,"2709.00.10 - Petroleum & bituminous min oils, crude, relative density >= 0.9042 (< 25°A.P.I.)",Canada,United States,New Mexico,8599974,18473,Volume in cubic metres
2024-01-01,"2709.00.10 - Petroleum & bituminous min oils, crude, relative density >= 0.9042 (< 25°A.P.I.)",Canada,United States,District of Columbia,24248982,58061,Volume in cubic metres
2024-01-01,"2709.00.10 - Petroleum & bituminous min oils, crude, relative density >= 0.9042 (< 25°A.P.I.)",Canada,United States,Illinois,4.54E+09,8843136,Volume in cubic metres
2024-02-01,"2709.00.10 - Petroleum & bituminous min oils, crude, relative density >= 0.9042 (< 25°A.P.I.)",Canada,Netherlands,N/A,68861067,106470,Volume in cubic metres
2024-02-01,"2709.00.10 - Petroleum & bituminous min oils, crude, relative density >= 0.9042 (< 25°A.P.I.)",Canada,United States,North Dakota,24261703,52687,Volume in cubic metres
2024-02-01,"2709.00.10 - Petroleum & bituminous min oils, crude, relative density >= 0.9042 (< 25°A.P.I.)",Canada,United States,South Dakota,54760,100,Volume in cubic metres
2024-03-01,"2709.00.10 - Petroleum & bituminous min oils, crude, relative density >= 0.9042 (< 25°A.P.I.)",Canada,United States,Texas,8.67E+08,1364046,Volume in cubic metres
2024-03-01,"2709.00.10 - Petroleum & bituminous min oils, crude, relative density >= 0.9042 (< 25°A.P.I.)",Canada,United States,Mississippi,1.15E+08,175840,Volume in cubic metres
2024-03-01,"2709.00.10 - Petroleum & bituminous min oils, crude, relative density >= 0.9042 (< 25°A.P.I.)",Canada,United States,Delaware,33623426,64238,Volume in cubic metres
2024-04-01,"2709.00.10 - Petroleum & bituminous min oils, crude, relative density >= 0.9042 (< 25°A.P.I.)",Canada,United States,Ohio,2.27E+08,334127,Volume in cubic metres
2024-04-01,"2709.00.10 - Petroleum & bituminous min oils, crude, relative density >= 0.9042 (< 25°A.P.I.)",Canada,United States,Mississippi,51559595,76977,Volume in cubic metres
2024-04-01,"2709.00.10 - Petroleum & bituminous min oils, crude, relative density >= 0.9042 (< 25°A.P.I.)",Canada,United States,Pennsylvania,95112296,184722,Volume in cubic metres
2024-06-01,"2709.00.10 - Petroleum & bituminous min oils, crude, relative density >= 0.9042 (< 25°A.P.I.)",Canada,United States,Texas,8.26E+08,1210653,Volume in cubic metres
2024-06-01,"2709.00.10 - Petroleum & bituminous min oils, crude, relative density >= 0.9042 (< 25°A.P.I.)",Canada,United States,Alabama,4679578,8950,Volume in cubic metres
2024-06-01,"2709.00.10 - Petroleum & bituminous min oils, crude, relative density >= 0.9042 (< 25°A.P.I.)",Canada,United States,South Dakota,201073,319,Volume in cubic metres
2024-07-01,"2709.00.10 - Petroleum & bituminous min oils, crude, relative density >= 0.9042 (< 25°A.P.I.)",Canada,United States,North Dakota,30835013,52504,Volume in cubic metres
2024-07-01,"2709.00.10 - Petroleum & bituminous min oils, crude, relative density >= 0.9042 (< 25°A.P.I.)",Canada,United States,Missouri,7939572,13017,Volume in cubic metres
2024-07-01,"2709.00.10 - Petroleum & bituminous min oils, crude, relative density >= 0.9042 (< 25°A.P.I.)",Canada,United States,Michigan,2.48E+08,429217,Volume in cubic metres
2024-07-01,"2709.00.10 - Petroleum & bituminous min oils, crude, relative density >= 0.9042 (< 25°A.P.I.)",Canada,Singapore,N/A,1.07E+08,171807,Volume in cubic metres
2024-08-01,"2709.00.10 - Petroleum & bituminous min oils, crude, relative density >= 0.9042 (< 25°A.P.I.)",Canada,United States,Colorado,3.53E+08,582700,Volume in cubic metres
2024-08-01,"2709.00.10 - Petroleum & bituminous min oils, crude, relative density >= 0.9042 (< 25°A.P.I.)",Canada,United States,Delaware,31414645,55756,Volume in cubic metres
2024-08-01,"2709.00.10 - Petroleum & bituminous min oils, crude, relative density >= 0.9042 (< 25°A.P.I.)",Canada,Peru,N/A,50,0,Volume in cubic metres
2024-08-01,"2709.00.10 - Petroleum & bituminous min oils, crude, relative density >= 0.9042 (< 25°A.P.I.)",Canada,China,N/A,1.61E+08,263904,Volume in cubic metres
2024-09-01,"2709.00.10 - Petroleum & bituminous min oils, crude, relative density >= 0.9042 (< 25°A.P.I.)",Canada,United States,South Dakota,408486,782,Volume in cubic metres
2024-09-01,"2709.00.10 - Petroleum & bituminous min oils, crude, relative density >= 0.9042 (< 25°A.P.I.)",Canada,United States,Illinois,4.08E+09,6991395,Volume in cubic metres
2024-09-01,"2709.00.10 - Petroleum & bituminous min oils, crude, relative density >= 0.9042 (< 25°A.P.I.)",Canada,United States,Alabama,56447564,92981,Volume in cubic metres
2024-11-01,"2709.00.10 - Petroleum & bituminous min oils, crude, relative density >= 0.9042 (< 25°A.P.I.)",Canada,United States,Pennsylvania,60427167,119914,Volume in cubic metres
2024-12-01,"2709.00.10 - Petroleum & bituminous min oils, crude, relative density >= 0.9042 (< 25°A.P.I.)",Canada,United States,South Dakota,16826,30,Volume in cubic metres
2024-11-01,"2709.00.10 - Petroleum & bituminous min oils, crude, relative density >= 0.9042 (< 25°A.P.I.)",Canada,China,N/A,3.62E+08,615584,Volume in cubic metres
2024-11-01,"2709.00.10 - Petroleum & bituminous min oils, crude, relative density >= 0.9042 (< 25°A.P.I.)",Canada,United States,Alabama,1.15E+08,178583,Volume in cubic metres
2024-12-01,"2709.00.10 - Petroleum & bituminous min oils, crude, relative density >= 0.9042 (< 25°A.P.I.)",Canada,United States,Washington,88938555,143946,Volume in cubic metres
2024-12-01,"2709.00.10 - Petroleum & bituminous min oils, crude, relative density >= 0.9042 (< 25°A.P.I.)",Canada,United States,Louisiana,48279707,79512,Volume in cubic metres
2024-12-01,"2709.00.10 - Petroleum & bituminous min oils, crude, relative density >= 0.9042 (< 25°A.P.I.)",Canada,United States,Oklahoma,9.08E+08,1590081,Volume in cubic metres
2025-01-01,"2709.00.10 - Petroleum & bituminous min oils, crude, relative density >= 0.9042 (< 25°A.P.I.)",Canada,United States,District of Columbia,33198728,59802,Volume in cubic metres
2025-01-01,"2709.00.10 - Petroleum & bituminous min oils, crude, relative density >= 0.9042 (< 25°A.P.I.)",Canada,United States,California,3.53E+08,557051,Volume in cubic metres
2025-01-01,"2709.00.10 - Petroleum & bituminous min oils, crude, relative density >= 0.9042 (< 25°A.P.I.)",Canada,United States,North Dakota,28291275,52773,Volume in cubic metres
2025-01-01,"2709.00.10 - Petroleum & bituminous min oils, crude, relative density >= 0.9042 (< 25°A.P.I.)",Canada,United States,Delaware,82889395,132394,Volume in cubic metres
2025-02-01,"2709.00.10 - Petroleum & bituminous min oils, crude, relative density >= 0.9042 (< 25°A.P.I.)",Canada,Singapore,N/A,1.10E+08,174581,Volume in cubic metres
2025-02-01,"2709.00.10 - Petroleum & bituminous min oils, crude, relative density >= 0.9042 (< 25°A.P.I.)",Canada,United States,Louisiana,1.32E+08,199353,Volume in cubic metres
2025-03-01,"2709.00.10 - Petroleum & bituminous min oils, crude, relative density >= 0.9042 (< 25°A.P.I.)",Canada,United States,Mississippi,25510020,44648,Volume in cubic metres
2025-02-01,"2709.00.10 - Petroleum & bituminous min oils, crude, relative density >= 0.9042 (< 25°A.P.I.)",Canada,United States,Colorado,3.74E+08,630171,Volume in cubic metres
2025-03-01,"2709.00.10 - Petroleum & bituminous min oils, crude, relative density >= 0.9042 (< 25°A.P.I.)",Canada,Netherlands,N/A,66487483,106521,Volume in cubic metres
2025-04-01,"2709.00.10 - Petroleum & bituminous min oils, crude, relative density >= 0.9042 (< 25°A.P.I.)",Canada,Netherlands,N/A,1.30E+08,208275,Volume in cubic metres
2025-07-01,"2709.00.10 - Petroleum & bituminous min oils, crude, relative density >= 0.9042 (< 25°A.P.I.)",Canada,United Kingdom,N/A,63627882,101752,Volume in cubic metres
2025-07-01,"2709.00.10 - Petroleum & bituminous min oils, crude, relative density >= 0.9042 (< 25°A.P.I.)",Canada,United States,Mississippi,23232377,41027,Volume in cubic metres
2025-07-01,"2709.00.10 - Petroleum & bituminous min oils, crude, relative density >= 0.9042 (< 25°A.P.I.)",Canada,United States,Missouri,39727177,89344,Volume in cubic metres
2025-04-01,"2709.00.10 - Petroleum & bituminous min oils, crude, relative density >= 0.9042 (< 25°A.P.I.)",Canada,United Kingdom,N/A,60627209,106521,Volume in cubic metres
2025-04-01,"2709.00.10 - Petroleum & bituminous min oils, crude, relative density >= 0.9042 (< 25°A.P.I.)",Canada,China,N/A,4.85E+08,899894,Volume in cubic metres
2025-05-01,"2709.00.10 - Petroleum & bituminous min oils, crude, relative density >= 0.9042 (< 25°A.P.I.)",Canada,United States,Ohio,1.45E+08,256946,Volume in cubic metres
2025-05-01,"2709.00.10 - Petroleum & bituminous min oils, crude, relative density >= 0.9042 (< 25°A.P.I.)",Canada,United States,Michigan,2.28E+08,478834,Volume in cubic metres
2025-05-01,"2709.00.10 - Petroleum & bituminous min oils, crude, relative density >= 0.9042 (< 25°A.P.I.)",Canada,United States,Illinois,4.26E+09,8013570,Volume in cubic metres
2025-07-01,"2709.00.10 - Petroleum & bituminous min oils, crude, relative density >= 0.9042 (< 25°A.P.I.)",Canada,United States,Michigan,2.28E+08,490547,Volume in cubic metres
2025-07-01,"2709.00.10 - Petroleum & bituminous min oils, crude, relative density >= 0.9042 (< 25°A.P.I.)",Canada,United States,Delaware,61445898,101574,Volume in cubic metres
2025-08-01,"2709.00.10 - Petroleum & bituminous min oils, crude, relative density >= 0.9042 (< 25°A.P.I.)",Canada,Netherlands,N/A,63590362,106521,Volume in cubic metres
2025-09-01,"2709.00.10 - Petroleum & bituminous min oils, crude, relative density >= 0.9042 (< 25°A.P.I.)",Canada,Netherlands,N/A,68492712,111609,Volume in cubic metres
2025-08-01,"2709.00.10 - Petroleum & bituminous min oils, crude, relative density >= 0.9042 (< 25°A.P.I.)",Canada,United States,Alabama,10372617,19640,Volume in cubic metres
2025-08-01,"2709.00.10 - Petroleum & bituminous min oils, crude, relative density >= 0.9042 (< 25°A.P.I.)",Canada,United States,Ohio,2.30E+08,376863,Volume in cubic metres
2025-09-01,"2709.00.10 - Petroleum & bituminous min oils, crude, relative density >= 0.9042 (< 25°A.P.I.)",Canada,United States,Louisiana,72953879,130952,Volume in cubic metres
2025-09-01,"2709.00.10 - Petroleum & bituminous min oils, crude, relative density >= 0.9042 (< 25°A.P.I.)",Canada,United States,Michigan,1.81E+08,351343,Volume in cubic metres
2025-09-01,"2709.00.10 - Petroleum & bituminous min oils, crude, relative density >= 0.9042 (< 25°A.P.I.)",Canada,United States,Ohio,1.98E+08,339025,Volume in cubic metres
2025-09-01,"2709.00.10 - Petroleum & bituminous min oils, crude, relative density >= 0.9042 (< 25°A.P.I.)",Canada,United States,Texas,7.20E+08,1242686,Volume in cubic metres
2025-11-01,"2709.00.10 - Petroleum & bituminous min oils, crude, relative density >= 0.9042 (< 25°A.P.I.)",Canada,United States,Mississippi,31272892,61611,Volume in cubic metres
2025-10-01,"2709.00.10 - Petroleum & bituminous min oils, crude, relative density >= 0.9042 (< 25°A.P.I.)",Canada,United States,Wyoming,78845,167,Volume in cubic metres
2025-10-01,"2709.00.10 - Petroleum & bituminous min oils, crude, relative density >= 0.9042 (< 25°A.P.I.)",Canada,United States,Texas,6.85E+08,1210510,Volume in cubic metres
2025-10-01,"2709.00.10 - Petroleum & bituminous min oils, crude, relative density >= 0.9042 (< 25°A.P.I.)",Canada,United States,Missouri,34332708,74371,Volume in cubic metres
2025-11-01,"2709.00.10 - Petroleum & bituminous min oils, crude, relative density >= 0.9042 (< 25°A.P.I.)",Canada,United States,Washington,92120529,151188,Volume in cubic metres
2025-11-01,"2709.00.10 - Petroleum & bituminous min oils, crude, relative density >= 0.9042 (< 25°A.P.I.)",Canada,United States,North Dakota,23343857,53774,Volume in cubic metres
2025-11-01,"2709.00.10 - Petroleum & bituminous min oils, crude, relative density >= 0.9042 (< 25°A.P.I.)",Canada,United States,Oklahoma,6.38E+08,1257842,Volume in cubic metres
2026-02-01,"2709.00.10 - Petroleum & bituminous min oils, crude, relative density >= 0.9042 (< 25°A.P.I.)",Canada,United States,North Dakota,21749526,53416,Volume in cubic metres
2026-03-01,"2709.00.10 - Petroleum & bituminous min oils, crude, relative density >= 0.9042 (< 25°A.P.I.)",Canada,United States,Illinois,4.15E+09,8151258,Volume in cubic metres
2026-01-01,"2709.00.10 - Petroleum & bituminous min oils, crude, relative density >= 0.9042 (< 25°A.P.I.)",Canada,United States,Oklahoma,5.99E+08,1288350,Volume in cubic metres
2026-02-01,"2709.00.10 - Petroleum & bituminous min oils, crude, relative density >= 0.9042 (< 25°A.P.I.)",Canada,China,N/A,6.90E+08,1282584,Volume in cubic metres
2026-02-01,"2709.00.10 - Petroleum & bituminous min oils, crude, relative density >= 0.9042 (< 25°A.P.I.)",Canada,United States,Alabama,4520254,8678,Volume in cubic metres
2026-03-01,"2709.00.10 - Petroleum & bituminous min oils, crude, relative density >= 0.9042 (< 25°A.P.I.)",Canada,United Kingdom,N/A,1.07E+08,114408,Volume in cubic metres
2026-03-01,"2709.00.10 - Petroleum & bituminous min oils, crude, relative density >= 0.9042 (< 25°A.P.I.)",Canada,Netherlands,N/A,1.58E+08,231646,Volume in cubic metres
2026-05-01,"2709.00.10 - Petroleum & bituminous min oils, crude, relative density >= 0.9042 (< 25°A.P.I.)",Canada,United States,Wyoming,985945,1292,Volume in cubic metres
2026-06-01,"2709.00.10 - Petroleum & bituminous min oils, crude, relative density >= 0.9042 (< 25°A.P.I.)",Canada,United States,Delaware,17836997,18353,Volume in cubic metres
2026-03-01,"2709.00.10 - Petroleum & bituminous min oils, crude, relative density >= 0.9042 (< 25°A.P.I.)",Canada,United States,Ohio,2.34E+08,397153,Volume in cubic metres
2026-03-01,"2709.00.10 - Petroleum & bituminous min oils, crude, relative density >= 0.9042 (< 25°A.P.I.)",Canada,United States,South Dakota,155158,226,Volume in cubic metres
2026-04-01,"2709.00.10 - Petroleum & bituminous min oils, crude, relative density >= 0.9042 (< 25°A.P.I.)",Canada,Germany,N/A,1.15E+08,116856,Volume in cubic metres
2026-04-01,"2709.00.10 - Petroleum & bituminous min oils, crude, relative density >= 0.9042 (< 25°A.P.I.)",Canada,United States,Michigan,1.94E+08,433071,Volume in cubic metres
2026-04-01,"2709.00.10 - Petroleum & bituminous min oils, crude, relative density >= 0.9042 (< 25°A.P.I.)",Canada,United States,Texas,6.83E+08,840263,Volume in cubic metres
2026-04-01,"2709.00.10 - Petroleum & bituminous min oils, crude, relative density >= 0.9042 (< 25°A.P.I.)",Canada,United States,California,1.05E+08,125088,Volume in cubic metres
2026-05-01,"2709.00.10 - Petroleum & bituminous min oils, crude, relative density >= 0.9042 (< 25°A.P.I.)",Canada,China,N/A,1.19E+09,1462101,Volume in cubic metres
2026-05-01,"2709.00.10 - Petroleum & bituminous min oils, crude, relative density >= 0.9042 (< 25°A.P.I.)",Canada,United States,Illinois,4.96E+09,7237199,Volume in cubic metres